TIC_ID,dist,dist_e,Gmag0,Gmag0_e,BmV0,BmV0_e,VmG0,VmG0_e,GmT0,GmT0_e,EBV,EBV_e,blend,blend_e,TIC_Gmag,TIC_Teff,TIC_Teff_e,TIC_rad,TIC_rad_e,TIC_mass,TIC_mass_e,flags
390661644,1063.35,45.98,7.474916800000001,0.2794518397133617,-0.1333100000000002,0.24556637711065,-0.0528777999999998,0.2780135623688168,-0.0545445999999998,0.0595220802711405,0.47031,0.0555065,0.0075918269007998,0.0080340550844994,8.75416,10175.0,131.0,11.2948,,,,[]
293950421,1173.39,29.32,11.64856136,0.0305112273197476,0.0606254999999993,0.1983198992966981,-0.1073223099999987,0.06026411193706,0.1480928299999992,0.0095166038816294,0.0463745,0.0072893,0.0762975569094095,0.0768358786186358,11.7747,7724.0,132.704,2.66378,0.0974925,1.82,0.282883,[]
331145790,1582.92,78.995,10.40930288,0.2914680799859395,-0.0785209999999999,0.4581408304897223,-0.1138179799999993,0.2995108009074965,-0.1546838599999998,0.0396821002544047,0.549521,0.03575875,0.3540768099069851,0.3394236800340304,11.904,14127.0,132.0,,,,,[]
440546714,944.364,944.364,,,-0.8790000000000013,1.1352114340509436,,,,,1.0,1.0,0.5,2.0,,,,,,,,"['NO_GAIA_ID', 'BLEND_BAD', 'GUESS_EBV']"
186260283,234.296,4.1255,7.16094512,0.0230834782584296,-0.0066265000000005,0.0367165032930016,0.0212387299999997,0.0586013200752551,-0.0066558899999999,0.0086725406204692,0.0237665,0.00727255,0.0021980670987,0.0030792066835755,7.22559,9359.0,164.912,3.17081,0.10142,2.377,0.326122,[]
409614577,1383.11,76.29,9.47318768,0.1696945062465037,-0.0505559999999998,0.1941515018077924,-0.0024112800000002,0.1781866453132781,0.0724330399999989,0.0114341127363851,0.335556,0.009346035,0.0183459712165116,0.0201551461021537,10.3859,8371.0,123.0,7.52172,,,,[]
140445422,2098.75,205.38,11.03255536,0.1467463301962349,-0.0368619999999984,0.3270030454800842,-0.2192275600000007,0.161862334361642,0.0021310799999999,0.0172422854118617,0.280862,0.0156565,0.1871514095979282,0.120458186754546,11.7965,9229.0,217.225,4.86175,0.500337,2.34,0.328452,[]
110602878,991.529,45.8085,9.940493264,0.0517246493357386,0.1360637,0.0725125636288809,-0.0571957940000005,0.0812459348732138,-0.0084979579999991,0.0161041682847055,0.0689363,0.0141781,0.0882847357825935,0.1029824308840769,10.128,9388.0,222.237,3.71632,0.195108,2.39,0.325298,[]
236881602,872.294,23.5765,10.05775072,0.1376366897236449,0.0046510000000003,0.1144256221471069,-0.1173326199999991,0.1471300295189598,-0.0437303400000008,0.0458311034484845,0.145349,0.04297255,0.0465682051440949,0.0361356505850654,10.4531,9973.0,649.267,2.88346,0.126505,2.55,0.38695,[]
296633787,817.904,27.189,7.887458863999999,0.0241818359884957,-0.0516438000000013,0.0463226615648852,0.0248453560000011,0.0452189857870563,-0.0461949080000011,0.0062977514630571,0.0476438,0.00151857,0.0577658483702839,0.0769883583032281,8.01705,10020.0,125.0,7.30681,,,,[]
3312830,1078.15,85.2065,11.73359776,0.0928198596479783,0.0848079999999997,0.5199121546744699,-0.0960929600000005,0.1205289245990355,0.1354332800000008,0.0193607297588727,0.159192,0.0175535,0.5291516054958093,0.1267924521236882,12.1666,7826.0,162.546,2.30214,0.19644,1.86,0.29383,[]
68663830,550.439,24.5585,9.111301424,0.0237406942651865,0.0401916999999995,0.0452997472202759,-0.0038071540000006,0.046063285957718,0.0056665220000004,0.0077634492779242,0.0408083,0.00444272,0.0042867705060167,0.0059797933589314,9.2223,9179.0,137.025,3.10965,0.159949,2.33,0.326208,[]
453278567,596.179,15.6175,9.87515432,0.0607858761994686,0.2408434999999999,0.078091557437312,-0.0692394700000001,0.0887240390596736,0.1488367100000002,0.0167377822783737,0.0861565,0.01576565,0.0481987389559899,0.0401612518141163,10.1095,7717.0,160.596,3.06691,0.121885,1.82,0.307086,[]
83530759,879.592,18.0505,10.66651584,0.1641566495613209,0.370322,0.2860420415272945,0.0301823599999991,0.1790994423358152,0.3198325200000005,0.0233366316979261,0.302678,0.02337855,0.1631207423455348,0.1233619738065322,11.4898,6495.0,164.169,4.36388,0.208402,1.33,0.214342,[]
391244527,1885.34,79.305,10.58943424,0.2027947227704942,-0.3267079999999985,0.3261622692450224,-0.0133290400000014,0.2137214866993957,-0.07038728,0.0141225307034548,0.397708,0.01462575,0.2993831565145331,0.1988955666772297,11.6712,10494.0,339.655,4.61396,0.194839,2.71,0.362577,[]
2021686529,623.35,10.8325,10.81712768,0.1200789469864819,,,,,0.3114780400000013,0.0261510131383212,0.117306,0.03852145,0.387267799746786,0.0269638472849535,11.1362,6549.0,224.376,,,,,"['DISPOSITION=DUPLICATE', 'DROP_GAIA_VMAG']"
266071175,814.5,25.521,9.803804,0.2463391502462408,0.1627000000000004,0.3045169227876548,-0.3061339999999997,0.256361371473941,-0.0880380000000004,0.026675723638275,0.4743,0.02450375,0.1158348159019891,0.0657190288705118,11.0939,11040.0,600.841,2.71422,0.139613,2.88,0.403499,[]
310970816,1854.74,113.72,12.37300208,0.1164639557583243,0.9687140000000004,0.2010281103927627,0.2345113199999991,0.1584991305843663,0.5621512400000009,0.0109346111697369,0.226286,0.0101470547,0.6657625951063841,0.1456738447100943,12.9885,5027.0,122.0,7.41169,,,,[]
48400142,1035.54,32.96,11.24655928,0.0383694140576855,1.218161499999999,0.212516995502395,-0.0159586299999989,0.0650222831540272,0.6259665900000002,0.0081516779329883,0.0688385,0.00622805,0.3173179198004026,0.4068877499602309,11.4338,4728.0,122.0,8.16494,,,,[]
405320687,733.632,14.837,9.7053576,0.1873157565300021,-0.115295000000001,0.2152029737123827,0.0430279000000007,0.1973851569527202,0.0656852999999995,0.0156224383848402,0.367295,0.01356155,0.052734943293688,0.0596138988062229,10.7044,8439.0,170.829,3.54224,0.117603,2.09,0.314303,[]
8772474,639.439,23.6855,7.17559432,0.9600624613564726,-0.6712190000000008,0.5118519270564584,-0.2483732199999989,0.5287879785426765,-0.579094540000001,0.3916971280525928,0.791219,0.3216046,0.0125574490359444,0.0045090989253315,9.32771,,,,,,,[]
457264281,1003.16,133.717,10.58976624,0.0924384334927879,0.2581419999999995,0.1477311582762417,-0.0299260400000007,0.1125285626052337,0.1571337200000003,0.0146144662396265,0.165858,0.0150092,0.2436958410128455,0.2377917423326932,11.0409,7651.0,161.736,3.76906,0.512829,1.79,0.28993,[]
391432398,2559.77,158.9,10.38246896,0.2632292793757029,-0.8073569999999997,0.4345762503532492,0.2666243399999995,0.336453831292274,-0.1941156199999985,0.019674377597543,0.518357,0.0169122,0.3852948590349723,0.2467998252945577,11.7924,,,,,,,[]
145974291,745.91,17.9985,10.452156096,0.042035274893249,0.1430868000000007,0.0990958598511894,-0.0432870160000001,0.0698925866352076,0.0751172880000001,0.0090190034367061,0.0639132,0.0100381849,0.2724414058478704,0.1034211912111226,10.626,8344.0,154.826,2.59633,0.100774,2.06,0.316481,[]
42430804,821.532,25.081,9.94706336,0.1014333870809091,0.1270380000000002,0.1284186501509905,-0.0316455599999994,0.1216831606961292,0.0723050799999998,0.0198649398122533,0.176962,0.01823355,0.0598807405284555,0.0811621300521113,10.4284,8372.0,191.613,3.59092,0.153226,2.07,0.316871,[]
348677189,974.544,37.873,11.579655679999998,0.0772989089627304,-0.1457809999999995,0.3432182702258045,0.1838232200000002,0.1020750705375705,0.1983245399999982,0.0124982231282007,0.141781,0.0113277547,0.4265650273958424,0.1311238282762562,11.9653,7336.0,129.603,2.50498,0.129347,1.66,0.275501,[]
92828790,171.575,0.997,8.402552448,0.0540856911462096,0.3401259000000005,0.0564489135567603,0.0253378419999993,0.0767043333958551,0.2145930940000001,0.0087142549198497,0.0948741,0.00955019,0.0960148668674657,0.0681190916415015,8.66061,7218.0,135.893,1.96409,0.0739598,1.62,0.277297,[]
178008663,1008.63,72.869,10.717788256,0.0158379691983963,0.0495397999999986,0.1111432449095761,0.0894851240000016,0.0414844280545122,0.0075162679999996,0.0073125176990912,0.0234602,0.003902005,0.0744159442616779,0.061538055004955,10.7816,9153.0,133.073,2.72961,0.215515,2.32,0.321878,[]
110106107,2637.22,206.175,11.41375136,0.1421041127579806,-0.1893119999999984,0.21494352704364,-0.0542185600000003,0.1577100851087209,0.0680940800000003,0.0356928037136588,0.215312,0.0341014,0.3080208100747167,0.2078709155263648,11.9994,8415.0,122.0,5.82292,,,,[]
378275980,1774.64,124.52,8.31429184,0.4858248745588315,-0.2655029999999995,0.2912982532980587,-0.1530511399999995,0.3422442666477409,-0.2935519800000012,0.1762446765035815,0.482503,0.1550335,0.0409452235369547,0.0401288278331802,9.6267,,,,,,,[]
64290127,1282.04,46.775,9.43252944,0.4091167507773188,,,,,0.0812733200000007,0.117019406841528,0.535798,0.1136774,0.2113003001019522,0.0336948987292555,10.8899,8285.0,122.0,,,,,"['DISPOSITION=DUPLICATE', 'DROP_GAIA_VMAG']"
319917940,833.086,29.968,10.62028032,0.1009055181021629,0.046081000000001,0.1169572153462111,-0.1122292200000009,0.1225312897559231,-0.0231665400000003,0.0331527684305537,0.121919,0.0295623,0.3553808228234381,0.247180031332284,10.9519,9618.0,423.043,2.21675,0.102593,2.45,0.357806,[]
234964382,528.564,11.936,9.82333232,0.0894149103742659,0.3860559999999999,0.1174341827428879,0.0227412799999997,0.1136810731124579,0.2117769600000001,0.0258910552301107,0.110944,0.0257807,0.1514462481670105,0.1064882320774633,10.1251,7411.05,141.433,2.99312,0.171319,1.69,0.277586,[]
220299224,1534.84,231.465,10.99325008,0.1908622650705473,0.0864890000000007,0.120835540753083,-0.0816341799999998,0.1851324314004707,0.0300827399999993,0.071759767437769,0.168511,0.0629622,0.2108704325069398,0.1590415155940918,11.4516,8850.0,569.226,3.8263,0.528852,2.23,0.399204,[]
427657141,531.363,8.94,9.09412704,0.2116491185652563,0.1224070000000003,0.224418930265146,0.0002346599999999,0.2196047825896558,0.1196286199999992,0.0105723015313151,0.418593,0.01156855,0.0302892321820917,0.0331059991742242,10.2327,7955.0,137.342,3.7251,0.120753,1.91,0.309929,[]
336091799,623.35,10.8325,10.81712768,0.1200789469864819,,,,,0.3114780400000013,0.0261510131383212,0.117306,0.03852145,0.387267799746786,0.0269638472849535,11.1362,6549.0,224.376,,,,,"['DISPOSITION=DUPLICATE', 'DROP_GAIA_VMAG']"
374130970,2773.77,228.37,10.27126608,0.2576878217017113,-0.2604609999999992,0.3373796539781408,0.0564048199999999,0.2674539161318263,0.0050557399999997,0.0252593181682027,0.499461,0.0233604,0.1391856395161197,0.0840374528564301,11.6298,9187.0,123.0,9.17746,,,,[]
271652854,2725.91,236.135,10.47086336,0.376023108969896,0.1390380000000002,0.3897717082615444,-0.0209455600000007,0.3885381161868163,0.1389050800000004,0.0235950964264476,0.741962,0.02256285,0.2147477073706957,0.1382406577856024,12.489,7798.0,123.0,10.4719,,,,[]
418183908,835.905,65.2285,10.58823488,0.1137098042371558,0.1880790000000007,0.1680792143986653,0.0336100200000002,0.1326654721630688,0.1607121399999991,0.0333114790521579,0.143921,0.03236215,0.1296826420877189,0.0516100205362111,10.9797,7623.0,238.527,3.16308,0.257066,1.78,0.300463,[]
308066884,483.0,13.126,9.517525728,0.0359573438732026,0.2072374000000006,0.0650608022535428,-0.0982897879999995,0.0667599594044963,0.0467366839999987,0.0122106529031175,0.0447626,0.0103433747,0.3057005064183036,0.0219909980184401,9.63928,8647.0,165.113,2.4545,0.0946532,2.16,0.322719,[]
219707463,109.46,0.573,6.971660688,0.02698671563262,0.2293078999999994,0.0356461032637706,0.0587398020000006,0.0645750395865345,0.171262814,0.0087645420410792,0.0176321,0.00937667,0.0041417150952286,0.001718097710365,7.01962,7541.0,138.8,2.23315,0.0728015,1.744,0.283595,[]
53974582,2392.1,170.43,9.99661264,0.3971473271800576,0.0221369999999999,0.3966712379287664,0.0955120599999989,0.4105256809704479,0.0738104199999998,0.0352254306635101,0.772863,0.0336863,0.2499672749109114,0.2251977641335841,12.0988,8356.0,125.0,10.2497,,,,[]
326484902,714.546,13.9325,11.1649856,0.0817181516932405,0.1432299999999999,0.2564035356912961,0.0335274000000006,0.1015788953277205,0.1438317999999998,0.0129083533064069,0.15177,0.0111462949,0.2144343367193718,0.1322293595617088,11.5778,7758.0,137.539,2.01181,0.068593,1.83,0.302428,[]
383518759,1435.96,88.385,10.64364832,0.1058787557495939,0.0564810000000003,0.2267414800412432,0.1475427800000008,0.1216505989185832,-0.0633625400000004,0.0105087708112103,0.202519,0.0113671646,0.2125076485394584,0.2519507206436204,11.1945,10346.0,233.842,3.48113,0.215862,2.66,0.357348,[]
50280622,1648.96,101.345,10.55819008,0.1293304657829983,-0.0758859999999996,0.1856385813332993,-0.0594366799999993,0.1473190952083266,0.022815239999999,0.0249472806177279,0.225886,0.0231638,0.1465193840125005,0.0978162303782988,11.1726,8943.0,275.71,4.95289,0.315457,2.26,0.329883,[]
26990452,717.038,717.038,8.5138,2.765574180990993,-0.9429999999999996,1.1289645698603654,-0.0208000000000004,0.7938674641046829,-0.4793000000000001,0.6600276892403834,1.0,1.0,0.1304739837949835,0.0517967785196777,11.2338,9373.0,,2.34323,,,,['GUESS_EBV']
337376644,906.785,24.672,8.318792799999999,0.2867304849123759,-0.152635,0.2856574119112963,-0.0193612999999987,0.2951423103102129,-0.0449391000000015,0.0276398069860213,0.556635,0.0253481,0.1505874046818114,0.1726633589784443,9.83284,9995.0,124.0,6.65937,,,,[]
187920824,1224.77,57.02,10.185306064,0.0780840053176518,0.0948036999999998,0.0870797580073865,-0.0557145939999997,0.1048008776176158,-0.0013095579999993,0.0255484077131199,0.0881963,0.02369045,0.0720553070474799,0.0804280079909467,10.4252,9280.0,340.396,4.16054,0.205216,2.35,0.34941,[]
251972126,895.658,36.8325,10.83756528,0.2555437077406891,0.1948989999999992,0.2685748186937348,0.0638216200000007,0.2696507256790718,0.2081533400000004,0.0359954546640955,0.473101,0.03554285,0.087436606846719,0.098914330364267,12.1244,7264.0,231.593,3.30012,0.170767,1.64,0.292818,[]
351777561,543.34,7.5745,10.866008,0.1475918615598073,0.8328999999999986,0.1643659715337165,0.2415819999999996,0.1663416462104424,0.580474000000001,0.0341425215645494,0.2111,0.03792585,0.2601557031104821,0.3465192371343601,11.4402,4936.0,122.0,4.55378,,,,[]
386262459,399.153,11.1765,9.087871984,0.0125132342772829,0.0386147000000002,0.0391449354692455,-0.0425664140000007,0.0381214278985257,-0.0194342979999986,0.0071231701385894,0.0153853,0.00362617,0.0190024219814911,0.0263630355883744,9.12972,9557.0,131.287,2.16758,0.077387,2.43,0.327105,[]
275703451,332.277,3.2505,8.34293576,0.2383871819919001,0.2862079999999991,0.2329973955357441,0.0221090400000009,0.2484288108895584,0.2312672800000001,0.0261547657368148,0.455792,0.0257138,0.5279284447538567,0.001306084761108,9.58269,7098.0,185.867,4.03547,0.16603,1.58,0.273046,[]
285128834,6047.62,705.97,7.36362,1.0557620061644386,-1.3737499999999994,1.0490006180408094,-0.4386450000000007,1.0589676735977356,0.4299849999999994,0.6017331511679325,2.07775,0.069145,0.2831343350362144,0.191672493763932,13.0151,,,,,,,[]
172985206,468.091,12.5435,9.577906528,0.0321225514364022,0.3458774000000001,0.0583392897739085,0.1185134120000001,0.0644931560841148,0.3069090839999988,0.0092015766015939,0.0321226,0.0102228848,0.2178292358076931,0.1218699532940003,9.66528,6579.0,132.852,3.73665,0.184603,1.368,0.217948,[]
50358843,2091.15,157.6,10.19870112,0.2847978705235512,-0.1900290000000003,0.4427561937052264,0.0686089799999996,0.2941091272134375,-0.0138791400000005,0.0247619769493795,0.556029,0.0227153,0.2152774635243263,0.2394270877644586,11.7111,9470.0,123.0,6.88649,,,,[]
316119373,471.61,12.174,9.4428552,0.144615847322941,-0.1239649999999995,0.1538702476801152,-0.0514466999999992,0.160930607428326,-0.0709969000000012,0.0175216231601436,0.276965,0.0153183,0.0295955749807049,0.0327609877880466,10.1962,10511.0,337.358,1.95333,0.0678518,2.71,0.343107,[]
269295421,1956.83,193.09,9.5648608,0.3099411192823086,-0.4822350000000001,0.2310279295186027,0.0914107000000008,0.2629482387129642,-0.2721551000000009,0.1034157173219183,0.370235,0.09139155,0.2329458404138943,0.2655492984916433,10.5719,,,,,,,[]
279060522,2121.12,128.92,7.737287200000001,0.6133648153382377,0.0177600000000002,0.6347841904357812,-0.3923312000000003,0.6135286224488634,-0.1961383999999999,0.0583269915412468,1.19324,0.0523311,0.0240655200233262,0.0231140073355815,10.9829,,,,,,,[]
336823975,308.239,308.239,7.5764,2.7655740989387723,-0.3889999999999993,1.1233565774054113,-0.0514000000000002,0.7937563207439673,-0.0817999999999993,0.6600273454342631,1.0,1.0,0.0305690575724901,0.0238577546449383,10.2964,9439.0,,2.35263,,,,['GUESS_EBV']
427500273,1991.15,160.02,11.11928832,0.0903184727906344,0.1833559999999985,0.2495931312253805,-0.1980847199999985,0.1091790551937504,0.0168949599999996,0.0141778530715931,0.168644,0.0118967,0.2348152377637633,0.1934285411704106,11.578,9023.0,179.368,4.56244,0.378875,2.28,0.316844,[]
154913773,955.94,42.859,10.9411832,0.064899696115982,0.0683099999999993,0.1153999856996958,-0.0715221999999988,0.090802931235726,-0.0208754000000009,0.0171013374625449,0.10269,0.0145893,0.2293130472752732,0.1702838846234937,11.2205,9581.0,248.12,2.20508,0.115256,2.44,0.33515,[]
316621853,822.044,24.815,11.03945536,0.284954661095029,0.0265129999999998,0.2622123215321364,0.0664349400000005,0.2909726982317241,0.1133185800000001,0.0553283617836042,0.486487,0.05457015,0.1027151940746597,0.0794124269561332,12.3627,8008.0,393.71,2.32814,0.0885878,1.93,0.318824,[]
269323587,1301.74,43.845,9.39780544,0.2975078357889695,-0.235748000000001,0.3290291170067476,-0.0194242399999992,0.3055514022222775,0.0656263199999989,0.0227263596810343,0.583748,0.0211832,0.1589805066283159,0.0526139883720365,10.9856,8439.0,123.0,7.24159,,,,[]
53172771,1067.68,32.795,11.33603904,0.0558029772337037,0.0206319999999987,0.1890715503543069,-0.1254798399999998,0.0765922193959673,0.0630771199999995,0.009924941286439,0.103368,0.007734035,0.1896918309153526,0.1793684756071781,11.6172,8466.0,135.499,2.42064,0.103719,2.1,0.310612,[]
285786376,2984.37,252.705,9.94057888,0.4861956057702652,0.4316539999999997,0.4645195866882687,-0.0235514800000008,0.4833885764579051,-0.0280683600000004,0.0768107431938412,0.889346,0.0722798,0.3450745562780282,0.4347762462420966,12.3596,9698.0,123.0,10.7554,,,,[]
309682332,200.561,2.661,8.064475999999999,0.131483592416286,0.4997375000000003,0.0676536426355041,0.0969102499999996,0.1394286254345301,0.33707675,0.0323348526629135,0.0382625,0.0478227,0.0122790298369583,0.0154954074254027,8.16855,6382.0,292.09,3.41736,0.156844,1.275,0.234985,[]
27103801,1195.07,76.39,10.40783088,0.1521189727306134,0.1738789999999992,0.2227345554175642,-0.2794059800000001,0.1655742179816954,0.084200140000001,0.0178255954268696,0.292121,0.0156209,0.3212591309842211,0.2081041494298838,11.2024,8258.0,174.068,4.3145,0.30199,2.03,0.304052,[]
36331019,516.842,12.319,9.93859984,0.0651509602907739,0.0896470000000007,0.080518617154668,-0.1223941399999998,0.086105354747832,-0.0031529800000008,0.0092721593009665,0.117353,0.0104075,0.0971275925246626,0.0637858293093849,10.2578,9308.0,185.407,1.95965,0.0681709,2.36,0.327436,[]
233841767,1409.63,70.695,9.49530144,0.0785777396706955,-0.0015729999999994,0.0894035737138762,-0.0751777400000006,0.0989565397851501,-0.050858179999999,0.0146662938345386,0.141573,0.01254075,0.029996420522162,0.0340347121831546,9.88038,10105.0,127.0,5.94874,,,,[]
202956464,585.449,53.442,9.465042224,0.0258535982570027,-0.0559807999999999,0.0467617733267516,-0.0092827040000004,0.0498302973717797,-0.0564173279999985,0.0083110357976661,0.0429808,0.00527505,0.1380275576127619,0.1930535972803534,9.58195,10212.0,161.236,2.47692,0.237246,2.62,0.334039,[]
462940910,219.661,219.661,6.914909999999999,2.7655741174150443,-0.8100000000000005,1.1191143820003386,-0.2469099999999989,0.7937355976116984,-0.4538900000000011,0.6600274228515055,1.0,1.0,0.0977501441435913,0.0784347519752318,9.63491,9326.0,,2.33639,,,,['GUESS_EBV']
286324138,1235.57,52.6,10.82294848,0.2787581928361884,-0.2451659999999991,0.5065904539710184,0.0350369199999986,0.2890344993422065,0.0317904400000015,0.0296550744176949,0.535166,0.02872675,0.2007735045316964,0.225628873013547,12.2786,8829.0,321.091,3.34278,0.16603,2.22,0.316105,[]
326374705,853.906,31.2735,8.358484240000001,0.0842140803172368,-0.0319580000000001,0.5337742693566636,-0.00655404,0.1128371304004138,0.0065177200000011,0.0233247374331661,0.121958,0.0213432,0.0416259808369375,0.0418638280260335,8.69021,9166.0,148.0,6.83606,,,,[]
431952504,386.481,5.9235,9.772919264,0.0933324300463554,0.4013012000000004,0.1043854161112557,0.1685144559999994,0.1162520011714206,0.3290187919999998,0.0204219661581938,0.0946988,0.0295694,0.0752569124682698,0.0561409737302434,10.0305,6435.0,174.626,2.94917,0.135226,1.301,0.211793,[]
458109285,848.523,29.258,9.88203696,0.1185768400847164,-0.0298320000000002,0.1570736491052525,0.0198838400000005,0.1337470216191747,-0.0748491200000006,0.0122977665598979,0.225832,0.0133082,0.294488617581738,0.1500494473651276,10.4963,10609.0,325.329,2.84289,0.106221,2.75,0.370728,[]
51243999,981.113,39.7755,9.659764496,0.0222852573838064,-0.0738806999999988,0.053378762932823,0.0429053339999998,0.0518434280996395,-0.0809612619999994,0.0092882169755524,0.0268807,0.006530645,0.1155148973812635,0.0836195007150613,9.73288,10790.0,220.862,3.57747,0.159558,2.8,0.36628,[]
431305729,340.294,7.631,8.808899712,0.0593310845601447,0.0212021000000001,0.042181285180901,0.0111267979999999,0.0904431949408163,0.0106033859999996,0.014621749707316,0.0457979,0.0201221,0.0284884869151162,0.0324093793587618,8.93347,9109.0,254.808,2.23247,0.0765428,2.305,0.320381,[]
13951387,2569.89,230.21,8.52789632,0.3836269718148162,-0.2949940000000006,0.3813830210850013,-0.1514777200000004,0.3840625041695688,-0.1605560399999988,0.055993631655118,0.715994,0.05068685,0.1410957385499601,0.1091514986045244,10.4754,14464.0,129.0,,,,,[]
396201191,1089.51,83.18,8.05531936,0.352486697556415,-0.0844120000000004,0.3861322068415461,-0.0672965599999996,0.360123212699487,-0.0684119199999995,0.0211963614357483,0.697412,0.01892635,0.0468143331215781,0.0419250207625458,9.95228,10450.0,131.0,8.60572,,,,[]
106886673,1629.97,67.57,11.50510064,0.0425945033303891,0.2327869999999995,0.2015489907612491,-0.0733609399999995,0.0711595500705983,0.0931994200000007,0.0117987612809142,0.066213,0.00984659,0.11189854327994,0.1020895789859667,11.6852,8179.0,146.166,3.60256,0.188631,2.0,0.306466,[]
187971301,872.875,27.543,9.0905116,0.1434330942008047,-0.1890950000000005,0.1540560097716489,0.0018938999999999,0.1526372743377252,-0.1463126999999996,0.0111490462151343,0.283095,0.00851818,0.2204908007315722,0.1528191849379284,9.86053,13677.0,131.0,,,,,[]
156474653,630.203,11.3455,10.654917888,0.0207419314966181,0.2938153999999996,0.0724609612398678,0.0141098519999989,0.0502507656089934,0.1635381640000008,0.0087264523476041,0.0241846,0.006194125,0.1292186459647047,0.1013376581675152,10.7207,7601.0,134.599,2.32492,0.0847614,1.77,0.289393,[]
306107122,275.591,3.255,9.046557152,0.0304764715964971,0.5706791000000013,0.0396903467768297,0.1418480579999996,0.0633831994159532,0.3776782059999994,0.0089740564597078,0.0263209,0.01010575,0.0738342924129708,0.0659448412256305,9.11815,6119.0,134.979,3.25871,0.153806,1.15,0.160351,[]
317050129,5730.69,2768.67,-16.5599312,7.668753054664429,,,,,-6.039493600000002,1.4511133231361537,9.60196,2.198525,0.0767180238750188,0.0987761089679109,9.5574,,,,,,,"['DISPOSITION=DUPLICATE', 'DROP_GAIA_VMAG']"
232446839,3181.5,418.97,11.06671728,0.1442452155388427,-0.288501,0.3112849003422308,0.1391296199999992,0.1630073905540788,0.0090093400000001,0.0261764570075149,0.256501,0.02427135,0.3234424849178891,0.3180965279973592,11.7644,9132.0,127.0,7.35206,,,,[]
450015104,180.024,180.024,4.7443100000000005,2.765576345813112,-0.9660000000000002,1.118528050609371,-0.4433100000000004,0.794066448429223,-0.6669900000000001,0.6600466078399313,1.0,1.0,0.0123030889244807,0.0076926321436023,7.46431,,,,,,,['GUESS_EBV']
240918551,2107.06,213.88,11.4293848,0.0991051118525341,-0.2130350000000002,0.2411367136749048,-0.0635932999999996,0.1155142040194624,-0.0913831000000009,0.012148087629233,0.191035,0.009711945,0.0719704728518787,0.0890393733337212,11.949,11171.0,361.783,3.28147,0.330658,2.92,0.385911,[]
75751455,1284.81,48.105,9.40709344,0.2144713558102465,0.2209020000000007,0.2532596073476582,0.4134027600000003,0.2235027645131039,0.4244153199999994,0.0144001010098847,0.422098,0.0140267,0.0052778013051651,0.0049530352500722,10.5552,5815.0,122.0,14.3342,,,,[]
271554988,343.828,2.79,9.24527352,0.0630232287395343,0.2011409999999995,0.0726963263561103,-0.0182364200000007,0.0838269335908811,0.1244230600000013,0.0088948879839342,0.113859,0.00993921,0.0224699325118414,0.0039011461734293,9.55497,7917.0,135.857,2.26578,0.0621809,1.9,0.296451,[]
390334189,414.6,414.6,9.0771,2.765574163095975,-0.677999999999999,1.1395858896985342,-0.2461000000000012,0.7938869261954123,-0.2830999999999991,0.6600276142586763,1.0,1.0,0.2154019781877491,0.2028662807241847,11.7971,,,,,,,['GUESS_EBV']
369033532,1035.28,31.445,10.91952864,0.3129957795718273,0.4980620000000002,0.3237875324360714,0.1479635600000005,0.3332072900417996,0.3486209200000006,0.0202248282647201,0.616938,0.0194998,0.3386234514350514,0.3695005117131452,12.5976,6307.0,158.193,4.85243,0.25412,1.24,0.186131,[]
230752185,889.852,36.823,10.98420648,0.057678364824102,0.413171500000001,0.1321617650235477,-0.1934748299999998,0.0820079661865998,0.1136331899999985,0.0130565661732754,0.0978285,0.0112306848,0.1382996028464956,0.1302725619481917,11.2503,8005.0,139.743,2.58706,0.128465,1.93,0.294319,[]
386210336,819.905,40.1345,9.63311632,0.087899001843434,-0.1546190000000002,0.0830475563340216,0.0197647799999995,0.1117268497329536,-0.11098854,0.0237704648043063,0.132619,0.02121195,0.0791350497033633,0.0680368569645744,9.99384,12052.0,139.0,,,,,[]
348918889,1812.04,106.815,11.18799536,0.1925444899629598,-0.1622369999999992,0.2870292059587142,-0.1905300599999996,0.1877895986423369,-0.102936420000001,0.0619417841551325,0.228237,0.0570152,0.1746256555412284,0.2270819546675812,11.8088,11687.0,,3.00895,,3.1,,[]
745751393,5011.17,2324.08,9.32784832,0.4078597055593058,,,,,-0.35901254,0.1420876288000644,0.470019,0.1225105,0.1421456156691151,0.1298013343725596,10.6063,,,,,,,"['DISPOSITION=DUPLICATE', 'DROP_GAIA_VMAG']"
268599292,6645.11,1526.81,8.810556239999999,0.0913733308310598,-0.296732999999999,0.101670240001265,-0.0270285399999997,0.0962106390917865,-0.2825137800000006,0.0062012596609077,0.182733,1.948499e-05,0.0541751129681481,0.0478133199048193,9.30759,,,,,,,[]
385040765,403.581,7.0755,9.40649464,0.1461712402286594,0.1504870000000004,0.1325932249863186,0.0785150599999989,0.1583465141272456,0.1790914200000009,0.0380664300679982,0.204513,0.03840015,0.4041502661580495,0.0110959931271061,9.96277,7481.0,238.362,2.72248,0.10002,1.72,0.297438,[]
116066534,2011.26,304.37,10.06502608,0.3031544744154597,-0.2618360000000005,0.3825115742589529,-0.1226176799999997,0.2947017667201878,-0.2741517600000012,0.0769871299970847,0.480836,0.06789175,0.101100615197368,0.0999926949925847,11.3729,,,,,,,[]
421924260,2290.97,246.25,10.93607104,0.2279811115244677,-0.1190179999999988,0.3625934240788193,-0.0340268400000005,0.2449038172038157,0.1063481199999999,0.0417983849615102,0.399018,0.04056045,0.3013374115480725,0.2587461909459482,12.0214,8067.0,122.0,6.72409,,,,[]
406526198,866.275,22.1645,9.598092,0.1575276100237984,-0.1400250000000011,0.1789471948641892,0.0326305000000011,0.1656311888662579,0.0038634999999995,0.0107022048762799,0.312025,0.00801239,0.1173601366374441,0.0928570444558918,10.4468,9204.0,161.391,3.89706,0.139733,2.33,0.308185,[]
206690179,270.06,2.8305,9.836907552,0.0158514388965389,0.5809991000000002,0.0758539102303592,0.1422896579999995,0.0438441078048407,0.394789406,0.0076853938264431,0.0180009,0.00477573,0.0099503526837072,0.0008021231743151,9.88587,6007.0,132.34,2.30683,0.111226,1.11,0.142707,[]
343878759,2939.99,280.885,9.84744816,0.3409052125489952,,,,,-0.1031780200000002,0.067139092189874,0.592997,0.061853,0.2855339121304058,0.1949362911827024,11.4604,11697.0,154.0,,,,,"['DISPOSITION=DUPLICATE', 'DROP_GAIA_VMAG']"
283952760,1657.39,103.305,9.203368,0.5143730704576032,0.8168999999999997,0.5003933225895905,0.2035220000000006,0.517044006124237,0.3385540000000003,0.0506064852415587,0.9881,0.0526315,0.3095941512104626,0.3374106968352102,11.891,6373.0,122.0,16.7616,,,,[]
252588526,347.113,3.568,9.064193664,0.073493161380922,0.1311961999999986,0.0655264049068198,0.0095145560000001,0.1002557983740092,0.0846894920000005,0.0145485036462492,0.0988038,0.02000405,0.1347133551768396,0.103835027816768,9.33294,8254.0,191.094,2.32785,0.0745478,2.028,0.31393,[]
93954467,785.405,27.917,10.574182,0.0252313072276588,0.181287500000001,0.1000725558415238,-0.0007907500000004,0.0540610115523424,0.1404897499999993,0.0090848569223103,0.0347125,0.00672882,0.1241501592160662,0.1166648963580494,10.6686,7785.0,134.693,2.88531,0.13344,1.84,0.29991,[]
50124982,2854.03,637.845,9.3767824,0.3559515366030095,-0.3943299999999997,0.3472678077713546,0.034094599999999,0.3477192054661347,-0.1642777999999991,0.0705086558991793,0.62133,0.06387635,0.2830035461647104,0.2995742609582623,11.0668,14680.0,145.0,,,,,[]
370269453,446.532,11.4305,8.51170704,0.131604135645729,-0.0459679999999996,0.074049491752746,-0.0229078399999994,0.1399293395968122,-0.0508888800000014,0.0299954800289827,0.102968,0.0445278,0.0297518014123315,0.0403636269303874,8.79178,10107.0,690.266,2.96428,0.131478,2.593,0.427269,[]
313803339,4287.04,598.39,8.42213576,0.306789243410188,-0.1691670000000008,0.2883664152086932,-0.0608534599999997,0.3081188992925458,-0.0425002199999999,0.0526891632897697,0.552167,0.04918425,0.137383029280688,0.0737227288246027,9.92403,9952.0,125.0,30.1691,,,,[]
299382818,315.643,315.643,6.591669999999999,2.7655741121409134,-0.7160000000000011,1.1189432514654174,-0.2626699999999992,0.7937311696941226,-0.3757300000000007,0.6600274007524234,1.0,1.0,0.044392731105864,0.0507732366657889,9.31167,8816.0,,2.25122,,,,['GUESS_EBV']
261620164,833.58,32.928,9.63734864,0.1083653518948487,-0.2074380000000001,0.1254129743230838,0.1434935599999996,0.1281397173479011,-0.048569079999999,0.02134207066782,0.188438,0.01967725,0.157341336784545,0.199682959504943,10.1499,10062.0,337.903,3.31102,0.150015,2.58,0.337696,[]
451129217,2544.52,229.225,9.10690176,0.1478455196536783,-0.0452420000000001,0.1519153328295155,-0.0242519600000005,0.1626949016318581,-0.0043397200000001,0.0212806248375184,0.276242,0.01938705,0.5842242370676823,0.1897984074035291,9.85828,9323.0,124.0,14.1243,,,,[]
336092231,702.908,702.908,9.7271,2.765574102598591,-0.1560000000000005,1.13712796113718,-0.1991000000000006,0.7990394964981393,-0.1285999999999986,0.6600273607692336,1.0,1.0,0.3153402201211652,0.3896732892945644,12.4471,7756.0,,1.96273,,,,['GUESS_EBV']
247560986,2508.17,355.695,9.432668,0.1222516344166467,-0.2234749999999996,0.1437287930814577,0.0146594999999997,0.137352722980835,-0.1205335000000003,0.0162606440800396,0.232475,0.01392155,0.1120460952173881,0.0662468588447588,10.065,12478.0,139.0,,,,,[]
177991623,634.066,50.1935,7.33494664,0.1096290278620849,-0.027413,0.1149462408947856,-0.0165269399999993,0.1256894967419712,0.0154774199999996,0.0114041206370644,0.213413,0.00923911,0.0019626577219094,0.0027403830077389,7.91543,9043.0,128.0,8.2789,,,,[]
178436848,564.09,16.752,10.284511648,0.0860836587149002,-0.1017016,0.0984986897996618,0.0604133919999999,0.1108708856537188,0.0274969439999992,0.0200570287662284,0.0697016,0.0289381,0.1212171660720985,0.0988206771937429,10.4741,8882.0,326.327,1.93944,0.080005,2.237,0.313538,[]
444446485,552.174,19.719,10.4211088,0.0846760302484606,0.1004149999999993,0.1112232979634213,-0.0164223000000001,0.1097040476931001,0.0843139000000005,0.0162166861039028,0.115585,0.0227519,0.3046748146235585,0.0463133992899497,10.7355,8258.0,218.225,1.98133,0.0892463,2.029,0.320872,[]
178739533,1545.69,283.09,10.554916688,0.0459856316806199,-0.2345821000000002,0.1102143636610265,0.1357788020000002,0.0778204781796057,-0.128484186000001,0.0161217090700039,0.0555821,0.01344855,0.1835218391025607,0.1762954398343231,10.7061,12824.0,303.0,,,,,[]
325239442,676.03,10.4735,9.39609904,0.39907663487665,-0.4539930000000012,0.4959673010120248,-0.1276773399999988,0.4036598173874258,-0.2359553800000012,0.0135305976693244,0.795993,0.01078655,0.15943830527634,0.1149889792115981,11.5612,,,,,,,[]
347268123,1037.52,52.743,11.15035376,0.0245435116611314,-0.0208919999999999,0.1420268533676026,0.0662810399999993,0.0528840010305574,0.0016512799999998,0.0086677426444541,0.036892,0.00594745,0.1176834607795781,0.1378662273382529,11.2507,9237.0,142.424,2.27361,0.140126,2.34,0.30068,[]
272822324,380.524,4.3485,11.763291952,0.0605415248919417,,,,,0.3654951059999987,0.0147130562106564,0.0498559,0.0202834,0.8659550075525448,0.0095261577917433,11.8989,6198.0,156.994,1.25335,0.0597613,1.189,0.177897,['DROP_GAIA_VMAG']
332572228,1463.49,111.37,10.735624799999998,0.1234730277472989,-0.0641599999999999,0.2282831573734067,0.0851792,0.1382909294060894,0.1278743999999997,0.0145618950066902,0.23716,0.01264846,0.3323301456326255,0.376699257206418,11.3807,7887.0,154.779,4.88308,0.400171,1.88,0.304983,[]
272822330,599.004,10.503,9.752407248,0.1213062477156194,0.3084658999999998,0.0870472694247499,0.0187370420000005,0.1335023550530195,0.1978274939999988,0.0411013390622647,0.0925341,0.04122605,0.2282308389374491,0.0504445790035824,10.0041,7340.0,256.56,3.56787,0.13405,1.67,0.294347,[]
352770261,838.245,19.5865,8.20724568,0.3785579241174253,0.1103439999999991,0.2783536636289925,0.0481207200000004,0.3216888510346605,0.1272570400000005,0.1050862053890272,0.506656,0.103419952,0.0659088216545777,0.0239084045750621,9.58535,7893.0,122.0,8.95139,,,,[]
318529407,,,12.582,2.7655744429315225,-0.100999999999999,1.1434657843591125,0.091,0.8145495684094369,0.063699999999999,0.6600306351950643,1.0,1.0,0.6219075747750912,0.393187774064047,15.302,,,,,,,['GUESS_EBV']
385040767,321.665,5.0605,9.91155872,0.1549443245409906,0.4210510000000012,0.1549968139855542,0.10269938,0.1616995720193779,0.2854936599999996,0.0443161303559555,0.188949,0.04515065,0.6137944354539844,0.011298052874686,10.4255,6721.0,251.365,2.10997,0.0948318,1.43,0.261251,[]
154348089,845.372,18.368,9.6986544,0.0488048126222214,0.3110200000000003,0.0712372598087377,0.0995075999999994,0.069267172058631,0.2913532000000001,0.0093735393129324,0.08898,0.00737476,0.1088501044135951,0.1271338853247896,9.94068,6682.0,122.0,6.18809,,,,[]
251462080,2184.36,189.715,8.28413472,0.4932688841096327,-0.1495239999999998,0.492603552446143,0.1530408799999986,0.4812842850675679,-0.0593658399999993,0.0784567866925273,0.902524,0.0732316,0.0584128027231511,0.0495204042833923,10.739,10268.0,125.0,15.8263,,,,[]
252099218,925.812,38.5495,9.803496,0.140327960451062,0.0643000000000009,0.131496850891913,0.0488339999999989,0.1562167090422788,0.0847380000000006,0.0320115300583999,0.2257,0.0306643,0.1622962709196922,0.2089375919446674,10.4174,8254.0,253.57,4.4172,0.228163,2.03,0.317823,[]
334074735,389.908,6.7775,7.588292239999999,0.3363724253874613,-0.1450580000000001,0.1393340001683017,-0.0300720399999999,0.2239264210784426,-0.1279082800000002,0.080441140423814,0.126058,0.121475548,0.0478064994889551,0.0057078044765894,7.93117,12797.0,161.0,,,,,[]
153043302,1728.52,147.395,10.841390768,0.0460525165002703,0.0147319000000002,0.1100178575587713,-0.0136218780000002,0.0667244041217491,-0.0869169459999998,0.0094670919447303,0.0842681,0.00683014,0.1805101260063731,0.1548192778770346,11.0706,10997.0,247.807,3.58674,0.285226,2.87,0.376314,[]
34628940,676.857,22.528,7.921792720000001,0.100631233225716,-0.2488739999999994,0.1044327803044964,-0.0514021200000003,0.1119609547922846,-0.1693668399999997,0.0076641451180297,0.199874,0.004336085,0.014088114512338,0.0097347541565743,8.46545,14988.0,122.0,,,,,[]
468721314,422.267,7.127,8.7759812,0.2760387296110477,0.0060849999999989,0.1946489809453417,-0.0649176999999991,0.2439544626180263,0.0288861,0.0529432189737121,0.341915,0.0796791,0.0047588206646619,0.0063859393948237,9.70599,8865.0,805.951,2.91532,0.108513,2.231,0.409573,[]
11453880,414.208,8.7315,10.36143296,0.413806614261242,,,,,0.5085763799999996,0.0934432301056855,0.307157,0.1412685,0.2755849259717441,0.0098039838390721,11.1969,,,,,,,"['DISPOSITION=DUPLICATE', 'DROP_GAIA_VMAG']"
316668953,4204.59,514.75,9.87029504,0.397315711909652,-0.2328179999999994,0.3978782748655674,-0.1017308400000005,0.4092161839969187,-0.1603798799999997,0.0313608102272948,0.779818,0.028073,0.2252620794926766,0.1991776179149006,11.9914,14453.0,157.0,,,,,[]
261617730,703.01,20.5515,10.62096864,0.1121211327606359,-0.0393130000000006,0.1965188240919238,-0.0033389399999991,0.1321119011605313,-0.04364658,0.0225536955128183,0.194313,0.02057335,0.1112388592526158,0.1141450447806371,11.1495,9972.0,334.853,1.79331,0.069015,2.55,0.350103,[]
5619059,494.531,7.093,10.28580448,0.0995630042241343,0.400009000000001,0.1381165195859047,-0.1368765800000011,0.1144487887277536,0.1911459400000014,0.0095992896386336,0.190991,0.01033356,0.0415772423332823,0.0451635918446031,10.8053,7390.0,140.042,2.27508,0.0847437,1.68,0.283539,[]
231187592,309.237,3.939,9.618239552,0.0738442221029822,0.3427240999999995,0.0672830759866476,0.0880051580000006,0.1017268129855767,0.256937906,0.0179618989680991,0.0492759,0.02559265,0.1517766879609634,0.1748183260637409,9.75227,6917.0,171.215,2.19513,0.0876682,1.508,0.25629,[]
118305806,1213.37,40.305,10.9436816,0.0784356874305956,-0.0048449999999987,0.2215438613409338,0.2210988999999995,0.0978194747238503,0.0984822999999993,0.0091556256881412,0.146845,0.01013997,0.140626169013347,0.1333923840058406,11.3431,8134.0,137.156,3.50349,0.155619,1.98,0.283204,[]
192876875,2910.07,398.635,10.8232184,0.1244743019424294,-0.0507800000000003,0.2114784189623376,-0.3269363999999993,0.1362971181683604,-0.1119948000000002,0.0117571238410776,0.24378,0.0092709,0.0746555704565559,0.0887455525399951,11.4863,12096.0,153.0,,,,,[]
58107375,219.45,4.0585,7.420912384,0.0368775883786616,0.1178096999999993,0.0440911300728176,0.0185976860000004,0.0764476282661699,0.0605144019999995,0.0102395818178254,0.0291903,0.012450275,0.0032273499494959,0.0045122512167088,7.50031,8493.0,172.29,3.00527,0.103467,2.112,0.312845,[]
375977934,814.998,19.9495,8.379594079999999,0.3056939924316258,-0.0894359999999995,0.3099157399958253,-0.017045679999999,0.3132567448084717,0.0030522399999985,0.022141951733045,0.601436,0.0201854,0.1098465727668466,0.140285339655506,10.0155,9216.0,133.0,6.41513,,,,[]
372116736,813.511,22.826,10.95227072,0.1885929073762126,0.1400259999999994,0.3910432299600678,-0.1856901199999988,0.2024393209556878,0.1176171599999999,0.0292099747596475,0.344974,0.02803645,0.3774297537154784,0.2937078671087822,11.8906,7973.0,222.068,2.41501,0.0930907,1.92,0.308396,[]
172169048,443.351,9.721,10.033819648,0.0501594083331174,0.2141983999999997,0.0798289543135774,-0.0963046079999998,0.0711674642349999,0.1430709439999994,0.0099631135074814,0.0908016,0.007837685,0.0444366551190966,0.0428316910698394,10.2808,7763.0,139.692,2.09883,0.0773365,1.83,0.296494,[]
464162013,2075.0,273.355,10.9896352,0.1589897981865954,-0.1163400000000006,0.3979054756504395,0.1936107999999995,0.1762217058594088,-0.1257443999999997,0.0279170136130935,0.28734,0.02503395,0.3894652070782445,0.2373888823582267,11.7712,12706.0,131.0,,,,,[]
448860246,395.682,5.4875,8.420322400000002,0.0588988565390094,-0.0322050000000008,0.0666754753154517,-0.0033579000000006,0.0863230122287794,-0.0362152999999998,0.0090425529358771,0.104205,0.0100969551,0.0473160855564486,0.0329383173671894,8.70376,9839.0,192.366,2.82379,0.07799,2.51,0.33856,[]
255532033,492.805,492.805,7.996699999999999,2.765574102229228,-0.6109999999999989,1.1274417945064836,-0.0987000000000001,0.7937884572863225,-0.285,0.6600273592215704,1.0,1.0,0.1109610571908524,0.1112381709608861,10.7167,8685.0,,2.22497,,,,['GUESS_EBV']
459642208,3219.43,427.19,9.16476688,0.2164581740863172,-0.2648209999999996,0.2084546966818929,-0.0778119800000004,0.2257590198314344,-0.1988418600000004,0.0404615999767464,0.385821,0.0360957,0.2126766524907034,0.2066086636462119,10.2142,,,,,,,[]
312344969,678.553,30.549,10.53770752,0.1074912805519055,0.0575909999999993,0.1218624625036766,0.0191245800000006,0.1274459083111341,-0.0121099400000003,0.0217127666824077,0.129409,0.0315561,0.7601461585592199,0.004511109332314,10.8897,9442.0,418.997,1.91852,0.0944146,2.401,0.345669,[]
51863829,350.967,3.0085,8.180329519999999,0.1057788067748141,0.5184410000000008,0.1076452333861059,0.1955375800000001,0.1193089794996587,0.4082210599999994,0.0110512114520292,0.204559,0.009919685,0.011735421949324,0.0161857867969112,8.73673,5920.0,122.0,6.62841,,,,[]
444446481,1082.8,33.5,10.5838,0.2568930249737683,,,-0.5044875,0.3729932150351397,-0.0205625000000013,0.0396298531205056,0.473125,0.03682355,0.7556097659345588,0.0167369752770621,11.8707,9576.0,499.755,2.94627,0.121427,2.44,0.34001,[]
469289800,2008.72,131.285,11.940542336,0.0394490572675249,,,0.0607044439999997,0.0830379785677011,0.0938235079999997,0.00968057962749,0.0531462,0.0107186,0.6035945195624638,0.1489648400563246,12.0851,8174.0,143.654,3.63575,0.262764,2.0,0.297524,[]
191457397,1178.85,46.23,10.23146896,0.1304464938458788,0.0608930000000005,0.165353437304014,-0.1820006599999998,0.1436763101114794,-0.0341906200000008,0.0113559208711001,0.252107,0.01233995,0.0593506133607577,0.0557277628874349,10.9172,9805.0,224.014,3.66878,0.164668,2.5,0.337845,[]
144759130,1759.34,97.9,10.59521136,0.2295783261331484,-0.301437,0.2359251025456013,-0.0830660600000001,0.2432669435871836,-0.1954884199999998,0.0133374258286195,0.455437,0.01072095,0.1267651355991809,0.1064561795071558,11.834,,,,,,,[]
28509532,599.529,14.272,9.755130592,0.0509089017469078,0.030456099999999,0.0874278029337773,0.1455833180000008,0.0752829862638465,0.0990110259999992,0.0089423405474879,0.0865439,0.00985693,0.1877807257842071,0.1368931452787274,9.99053,8129.0,142.223,2.99476,0.119405,1.98,0.29812,[]
177635952,139.907,1.8875,7.798768752,0.0405009247034508,,,,,0.1777580059999996,0.0092352575374411,0.0567909,0.0106162,0.848450217649085,0.0001603723649452,7.95324,7491.0,145.182,,,,,"['DISPOSITION=DUPLICATE', 'DROP_GAIA_VMAG']"
410737687,,,8.3569,2.765574115036696,-0.5449999999999999,1.1348149628904265,-0.0448999999999993,0.7938319631767167,-0.1359999999999991,0.6600274128860104,1.0,1.0,0.1422430515383266,0.0261467933025429,11.0769,8462.0,226.0,2.17488,1.4644,,,['GUESS_EBV']
352835929,803.258,16.9935,9.39081536,0.1939694762902815,0.0825130000000005,0.2046334370740825,-0.0681250600000006,0.206045819584504,0.0647985799999998,0.0245134955084844,0.368487,0.02229745,0.0837401619878672,0.0581566448116109,10.3931,8447.0,232.468,4.47651,0.161855,2.1,0.314952,[]
391085159,1729.51,329.455,10.329468,0.2049681881386678,0.0500249999999994,0.375239124257506,0.1956094999999998,0.2175561039852709,0.0531164999999992,0.0248438626153729,0.389975,0.0232223,0.1214219815101344,0.1320804582296603,11.3902,8575.0,123.0,6.11806,,,,[]
305454334,2808.48,246.45,9.69855696,0.1170488669552708,-0.3328319999999986,0.1441784453884231,0.2424638399999996,0.1347419444159835,-0.1021891199999999,0.0194206497248665,0.214832,0.01709465,0.2509669223083218,0.1642814590692232,10.2829,11652.0,132.0,9.28564,,,,[]
275586333,628.606,13.6535,9.3894248,0.3490933543205117,-0.0229099999999983,0.3773398583341316,0.0087542,0.3536488367095246,0.2007993999999986,0.0443206793860198,0.66091,0.04137465,0.0197439162779015,0.0178876466456008,11.1871,7318.0,263.644,4.45001,0.177849,1.66,0.296174,[]
265264591,1322.11,69.945,11.1128792,0.1150993028701007,0.1769850000000008,0.3649597762453727,0.1451742999999988,0.1325439164211243,0.1449501000000003,0.0142832580313554,0.219015,0.01302865,0.1838730653212663,0.2004240736896341,11.7086,7748.0,148.592,3.8209,0.238965,1.83,0.304118,[]
283539216,1609.92,168.35,10.21197616,0.3253698985699375,-0.0169719999999994,0.571562107254181,0.12761064,0.3369887526491055,0.0560184799999988,0.0350640063503459,0.624972,0.0333278,0.3805250987596267,0.2152006127944845,11.9119,8542.0,124.0,6.04704,,,,[]
52780582,335.083,4.6415,7.436838079999999,0.1247850112150454,-0.3129860000000001,0.1280949638427507,-0.0586946799999991,0.1326237540902835,-0.2450507600000012,0.0070255261531519,0.248986,0.003132525,0.0040781215207404,0.0046010487576703,8.11408,,,,,,,[]
420388688,933.507,26.875,9.55302384,0.138616252557832,-0.0117779999999993,0.150218690274724,-0.0817356400000004,0.1529028262623029,-0.0239934799999999,0.0181463565828893,0.263778,0.0156826843,0.1438009137813098,0.1195988641874519,10.2705,9631.0,265.731,4.0553,0.153015,2.45,0.341541,[]
422252716,418.027,5.2645,10.70070112,0.1882649627656309,0.3158459999999995,0.2463391911648652,0.3224214800000003,0.1809558630301875,0.3559583600000003,0.0388719820298046,0.204154,0.0581574,0.2856006392338022,0.3004163817329219,11.256,6260.0,282.632,2.20074,0.103749,1.218,0.204138,[]
78379048,445.987,7.4245,9.901722992,0.0643971029244788,-0.1002489000000011,0.0644397205900599,-0.1944945819999997,0.0938043677650593,-0.0049642739999987,0.0144520997158696,0.0702489,0.01984315,0.5656840004390217,0.3977693900727595,10.0928,9333.0,265.462,1.7147,0.0541608,2.369,0.341063,[]
374211609,1043.23,33.21,9.57711536,0.1998016584364335,-0.1669869999999997,0.2114825759257958,-0.0771750599999994,0.2098068988171027,-0.0497514200000004,0.01697194453324,0.390987,0.0151714,0.3104048032162786,0.4220870753914021,10.6406,10085.0,272.253,4.24872,0.161387,2.59,0.332817,[]
343626774,1508.89,38.965,12.31690144,0.2276362190116095,0.298052,0.2581901218795941,0.0890597599999996,0.2605689376249595,0.2827143200000013,0.0116106558773821,0.451948,0.0100940755,0.4713485216298025,0.2458577053544137,13.5462,6740.0,132.788,3.25245,0.159949,1.44,0.231499,[]
147307851,993.341,35.617,10.99074736,0.1068408608728839,-0.2495120000000003,0.2907290748947548,0.3443654400000012,0.1315949989969223,0.1276820799999998,0.0273095169857779,0.163512,0.0252854,0.1853617090789032,0.1540421422814212,11.4355,7889.0,212.214,2.94685,0.131784,1.89,0.306142,[]
670290948,602.528,12.449,11.358436192,0.3493020527345765,,,,,0.4349065760000005,0.1470147516985937,0.0786264,0.127603754,0.5279866807652461,0.135521580850692,11.5723,5747.0,639.956,,,,,"['DISPOSITION=DUPLICATE', 'DROP_GAIA_VMAG']"
408618201,1120.8,1120.8,10.6205,2.76557430300634,-0.0809999999999995,1.1402184001321851,0.0644999999999996,0.8054627399507689,0.0599000000000008,0.6600291171221161,1.0,1.0,0.3346818421220663,0.2319562030605846,13.3405,,,,,,,['GUESS_EBV']
206700235,1701.97,207.94,11.01652432,0.0687423495701951,0.3790309999999999,0.2276697777686812,-0.3312282200000004,0.0929275400527206,-0.052359539999999,0.0142852007998612,0.117969,0.0129752252,0.2831780648397032,0.2128555155886001,11.3374,10134.0,249.997,3.55417,0.440693,2.6,0.342737,[]
367333963,735.871,12.744,9.016594,0.1748299875203261,0.6547000000000003,0.1382900326953826,0.1805759999999992,0.1777913580464472,0.4649520000000011,0.0450052811572473,0.2293,0.0485233,0.0365940391785655,0.0420870485962714,9.64029,5561.0,123.0,10.845,,,,[]
237753600,668.332,19.4395,10.665896752,0.0530152110815848,0.1837340999999995,0.1235254972278699,0.0768789580000001,0.0847352709602235,0.1451845059999991,0.0175312372041725,0.0542659,0.0167437,0.0865477269968415,0.0759259384439885,10.8135,7746.0,167.148,2.37416,0.0998544,1.83,0.295999,[]
323189488,717.36,9.3735,11.56822176,0.2055535611691746,0.4672579999999989,0.2516335820177078,0.1391780400000001,0.2311196591594925,0.4086302799999998,0.0207547962440498,0.393742,0.02173175,0.0544391825632939,0.0454564363894655,12.6392,5917.0,150.411,2.85064,0.137241,1.08,0.136008,[]
293978692,883.598,25.2095,11.292981856,0.0307923477467096,0.489419799999999,0.1642636931863751,-0.3994804759999993,0.0584544174721637,0.1281970679999993,0.0094119475749914,0.0475802,0.00718276,0.1796764184132706,0.1370590557170116,11.4224,7885.0,135.288,2.28196,0.0910653,1.88,0.295837,[]
269511526,1245.55,65.015,10.16019232,0.2334954072297799,-0.1825689999999997,0.2849427067714841,-0.0737562199999997,0.2439020654878715,0.0198444600000003,0.0308284767608708,0.438569,0.0294899,0.1957450289164993,0.1618330330412624,11.3531,8983.0,319.758,4.46614,0.257517,2.27,0.338219,[]
330605074,88.6652,88.6652,9.6213,2.765579256231866,0.1829999999999998,1.122422825854856,-0.0743000000000001,0.799057333675125,0.1437000000000009,0.6600701648309822,1.0,1.0,0.3950779075589986,0.1748947196892054,12.3413,,,,,,,['GUESS_EBV']
188258837,1390.52,53.485,6.369907999999999,0.6313064155681798,-0.301600000000001,0.6287492615677592,0.2520320000000007,0.6338013763199004,0.013264,0.0435374275471609,1.2426,0.04115755,0.0527981830226551,0.0736890202178417,9.74978,9072.0,130.0,28.1866,,,,[]
115866969,425.283,425.283,7.530299999999999,2.7655744237637143,-0.766,1.120630179854175,-0.3022999999999999,0.7937492635435954,-0.4877000000000001,0.6600305548806056,1.0,1.0,0.0035430639555909,0.004912678099394,10.2503,7867.1,,,,,,['GUESS_EBV']
451708707,3232.72,357.945,10.542340159999998,0.242148186449555,-0.4063969999999997,0.4107030762828664,0.1520291399999999,0.2528003906291483,-0.2091020200000008,0.0398004411253465,0.444397,0.0353814,0.4401006463933024,0.2700277528089517,11.7511,,,,,,,[]
265473090,343.131,343.131,6.58804,2.765574107148279,-0.7089999999999996,1.1187180163025892,-0.2830400000000007,0.793731152298434,-0.4166600000000001,0.660027379832837,1.0,1.0,0.0330253413023884,0.0160918130579623,9.30804,,,,,,,['GUESS_EBV']
209558524,711.552,29.1675,7.821115120000001,0.086033119204481,-0.2134540000000004,0.0900486663752496,-0.0364225200000001,0.1008154612795081,-0.1524096399999989,0.0085298417335975,0.169454,0.005486145,0.0468028713770473,0.0345359482923255,8.28203,14001.0,154.0,,,,,[]
126652547,1837.0,183.65,9.79411728,0.2248879244860924,-0.3596260000000015,0.2573583735984707,-0.040957879999999,0.2358222446441387,-0.2733531600000007,0.0282756623905453,0.429626,0.0244685,0.2215666140196588,0.2009385555621491,10.9627,,,,,,,[]
40846302,1317.83,57.725,10.79946144,0.1162466413480479,-0.1859480000000003,0.1910129722131195,0.0117997599999988,0.1352483706075603,-0.0371056799999986,0.0207150952477116,0.208948,0.0187387,0.3117500570807586,0.2856400828461515,11.3678,9855.0,310.483,3.13839,0.154452,2.52,0.336002,[]
274235905,1014.68,82.735,10.37233232,0.0824129606294215,0.2164309999999995,0.1347987216737977,-0.0616962200000002,0.103447215821645,0.0908644600000015,0.0154961752433684,0.146569,0.0138592,0.1801336664351811,0.0477176470606461,10.771,8199.0,158.182,3.76351,0.333814,2.01,0.314443,[]
156261137,2156.46,152.08,11.876945456,0.0262167798415311,-0.1866376999999995,0.2958745144821627,0.2309776740000003,0.062323072584096,0.0102191179999991,0.0086217456667258,0.0416377,0.005856945,0.1890796317084342,0.1760453862498789,11.9902,9114.0,138.441,3.44023,0.262749,2.31,0.308986,[]
190708336,1449.97,97.26,8.526159119999999,0.2452704975230599,-0.4097539999999999,0.2465555688424467,-0.06079652,0.2550178368369554,-0.2636076400000014,0.0270470337646426,0.473754,0.02338665,0.1432868167621086,0.1342999488273371,9.81477,,,,,,,[]
137810570,329.412,3.4745,9.365528192,0.0114734451595396,0.3947860999999983,0.0483407545375793,0.0473087180000009,0.0464474188012907,0.2683688259999991,0.0067353431415315,0.0152139,0.0031564,0.0005926339458945,0.0008138565382865,9.40691,6859.0,118.179,2.67033,0.111884,1.49,0.244156,[]
288671625,401.322,3.054,9.799804816,0.0452153786080842,0.3173878,0.0742156180313315,0.1955973639999997,0.0756551754092871,0.2843859479999996,0.0137981927676136,0.0576122,0.01281275,0.0299013549000507,0.0422372844903798,9.95651,6729.0,129.594,2.76493,0.112229,1.43,0.249052,[]
462940566,1060.57,35.16,8.52278704,0.3514018046183711,-0.0427180000000001,0.3608294699544405,-0.1573128400000008,0.358090119278653,-0.0091538799999994,0.0226015045666444,0.693718,0.02070605,0.0440176177894812,0.0457621528726569,10.4097,9396.0,122.0,7.63042,,,,[]
336168208,264.127,2.0615,7.585608800000001,0.1334404269259563,-0.1037099999999988,0.1193831757736826,-0.0914098000000016,0.150630264004283,-0.1282885999999996,0.0181443816718023,0.22671,0.0258841,0.0022471640777084,0.0030058603884462,8.20226,12816.0,,,,,,[]
400734852,1781.26,105.175,10.7103656,0.2217028463864044,0.2122299999999988,0.3058121368589055,-0.1944526000000002,0.2326464567127554,0.0730718000000012,0.0229039763329749,0.42777,0.0214539,0.2541496978911458,0.1968098437621863,11.8739,8364.0,122.0,5.48629,,,,[]
393923391,1115.43,79.44,7.28800088,0.1014168607328362,-0.3163709999999998,0.1050453061388751,-0.03055098,0.1199749588007847,-0.2916948599999998,0.0135895445540877,0.194371,0.0106534,0.0076394759751093,0.0079916710476769,7.81669,,,,,,,[]
19971063,945.954,39.9715,11.091992016,0.0222340339919173,0.2182103000000006,0.2203713432472582,-0.0077400859999994,0.0508882663540673,0.2351987980000003,0.0080715917200358,0.0337897,0.00530028,0.1305303560645361,0.172987641248489,11.1839,7070.0,131.769,3.26502,0.188367,1.56,0.276172,[]
441626681,312.988,12.607,8.648797968,0.0199786346979483,0.1779294000000004,0.0433822057680335,0.0389831719999993,0.0584252446044515,0.1237434040000008,0.0087788585359986,0.0200706,0.0063489,0.0149209449003684,0.010465691092644,8.70339,7921.0,132.906,2.71182,0.135947,1.9,0.298784,[]
296183275,599.328,11.748,10.849598784,0.0505447003871277,0.3272421999999999,0.1575644077327688,-0.1641479639999997,0.0712643507036302,0.1916798520000003,0.0099850756322903,0.0927578,0.007385135,0.0957942012917581,0.0918009711661051,11.1019,7386.0,130.484,2.12902,0.0854774,1.68,0.276576,[]
314610490,1479.6,67.665,10.96557088,0.1370443895815071,0.0,0.2904513728664404,0.2720540199999989,0.1494246267663065,0.0576201400000008,0.0108876085610567,0.270121,0.00853973,0.1517104801516272,0.1413020674792642,11.7003,8525.0,151.486,3.93817,0.210452,2.12,0.319294,[]
151467181,1203.98,130.84,7.6156488,0.310256842524061,-0.253210000000001,0.2915503876262215,-0.1731997999999991,0.3135053307824286,-0.1360786000000006,0.0507110556486453,0.56921,0.04535,0.0070780255729863,0.0078909346860767,9.1639,13170.0,1011.0,,,,,[]
157424322,1067.95,24.12,13.15650544,0.1118141594292619,,,,,0.3595888200000008,0.0225367078195158,0.185623,0.02292525,0.873926569051163,0.0129295319090855,13.6614,6236.0,122.0,1.82932,,1.21,,['DROP_GAIA_VMAG']
330943024,3345.02,377.495,9.0440344,0.5401022453682784,-0.0087299999999996,0.5315313135004583,-0.0031974000000002,0.5445448071866997,0.0215781999999994,0.04929942989773,1.04973,0.04683235,0.1663614181622265,0.1348744606135922,11.8993,8961.0,127.0,20.1155,,,,[]
427349644,1820.53,319.365,11.13801488,,1.0220789999999988,,0.2552300200000007,,0.6237521399999997,,0.149921,,0.1682866873745295,0.2374890881870998,11.5458,4838.25,25.7,14.1864,,,,[]
434376215,966.564,69.108,8.33458648,0.1146186618650405,-0.198391000000001,0.0956824222637183,-0.0138985799999996,0.1341247581367809,-0.15074806,0.0322407382929902,0.171391,0.02789995,0.018413513567515,0.0159039672391503,8.80077,13910.0,682.0,,,,,[]
358370373,2012.11,130.96,9.219476,0.5195877785776091,-0.4404500000000013,0.506121575347784,-0.1968709999999991,0.5225952877983115,-0.3091970000000011,0.059205294613884,1.00045,0.05166235,0.3972916136320345,0.2590706415030913,11.9407,,,,,,,[]
462292185,2397.86,148.86,6.7746368,1.1417491594121072,-1.811809999999999,1.1224565272131133,-0.8094477999999994,1.1295191214446083,0.4300854000000003,0.6032910667739456,2.22381,0.09534635,0.3455176699839892,0.2767380662138866,12.8234,,,,,,,[]
28431075,885.721,25.9095,10.1211552,0.2877158767932498,0.5540350000000014,0.3775509575292486,-0.4422466999999999,0.2969381908583838,0.2284030999999994,0.0226846229417878,0.561965,0.02274995,0.1152133812462584,0.0756646474648842,11.6497,7118.0,164.223,4.71848,0.213644,1.58,0.271562,[]
278701003,921.404,56.5435,9.53407648,0.1236713691339146,,,,,0.0385619400000005,0.0117982434085241,0.233391,0.0150508,0.4235766502265645,0.0323791959053689,10.1689,,,,,,,"['DISPOSITION=DUPLICATE', 'DROP_GAIA_VMAG']"
46430009,1147.56,61.105,10.42733152,0.0756017991456451,1.3191659999999998,0.2679976913718044,0.2325830800000002,0.100210795396504,0.6969495600000006,0.0086874279892452,0.145834,0.00733987,0.0178440369004496,0.0174308356218073,10.824,4460.0,122.0,15.563,,,,[]
174094640,440.589,6.543,9.50592944,0.0547341668913423,0.0742019999999989,0.0694740579860283,0.0395967600000014,0.0744197535940559,0.0704733199999986,0.0099605261788345,0.100798,0.007847645,0.0461499842964577,0.0603475908897745,9.7801,8390.0,135.87,2.35167,0.076799,2.08,0.305119,[]
54458171,891.56,24.4025,9.72363936,0.3531451154744753,-0.3867869999999985,0.385610471998327,-0.2351790600000006,0.3601848182020586,-0.2890794199999996,0.0303116545360163,0.691787,0.02617485,0.2075937569735437,0.1712381284159614,11.6053,,,,,,,[]
284144129,565.232,18.5845,9.58178704,0.1551816670597095,0.007906999999999,0.1314715036271073,0.0111246599999994,0.1653515721462907,0.0180586200000008,0.0275294798240272,0.218093,0.04059085,0.1536118359513768,0.1505034953917597,10.175,9007.0,454.742,2.6361,0.116784,2.274,0.334386,[]
321952939,888.974,35.4455,10.98239104,0.0860924272411653,0.1647319999999996,0.1823774297314561,-0.0101218400000002,0.0975209562350575,0.2036831200000003,0.0086163818806613,0.169268,0.005797665,0.0910983368590477,0.0931667679676655,11.4428,7814.05,100.957,,,,,['DISPOSITION=SPLIT']
53589957,1446.01,87.635,10.9379688,0.115216256260266,0.5767899999999999,0.2104736700645474,-0.4404197999999999,0.1313216618307886,0.1116813999999991,0.0151579409164194,0.21821,0.0136112,0.3374935071933486,0.2425781973403086,11.5315,8022.0,164.999,4.27824,0.29103,1.94,0.303916,[]
36835238,403.12,17.7315,9.62804744,0.0329600486009855,0.2996645000000008,0.0597391733663825,0.04541251,0.0649240085951453,0.2085485699999989,0.0093129558141554,0.0353355,0.0102283647,0.0016966149982591,0.0010643491068718,9.72416,7261.0,136.706,2.59468,0.146821,1.635,0.267476,[]
426256249,2068.05,464.445,5.0377644,0.958843353288746,-0.7829799999999998,0.6105696075321879,-0.2985023999999989,0.6303221800127297,-0.7114968000000004,0.3676773336528913,1.06798,0.2927899,0.0163013925400609,0.0044067915831144,7.94267,,,,,,,[]
305448302,1978.85,117.715,10.80862096,0.1055777963897522,-0.0685069999999993,0.2734423755309517,0.2173073399999989,0.124947312345044,-0.0085346200000001,0.0145141307066546,0.195507,0.0146624,0.3221247447216648,0.2019300307674171,11.3404,9388.0,224.178,4.97273,0.304042,2.39,0.30801,[]
86128740,575.693,11.4615,11.762619904,0.2852119041240834,0.6782132000000002,0.1392705429439011,0.0692410160000006,0.210321880289617,0.3938607119999998,0.1152180132173963,0.0777868,0.103877753,0.4623949996862784,0.3264992777703114,11.9742,6013.0,552.056,2.02086,0.110955,1.11,0.29496,[]
115394297,1582.77,105.455,9.62934208,0.4088327644757474,-0.0590359999999987,0.3365034111179409,0.0152463200000003,0.3234377425919863,0.0309962399999982,0.1265353633012382,0.483036,0.1212749,0.1122185550920337,0.0464702146722339,10.9432,8838.0,125.0,7.40788,,,,[]
305252841,1364.22,50.245,11.40669152,0.1521185913788735,0.3902910000000005,0.1935875755135719,0.0907105800000001,0.1738937939497842,0.3387920599999987,0.0147933869998386,0.294709,0.01388527,0.338383999799581,0.4294875470741214,12.2083,6371.0,136.734,5.00476,0.29559,,0.188092,[]
150284425,152.292,1.5625,5.63025328,0.0617960016566232,-0.1668260000000003,0.0671399312901523,-0.0307138799999997,0.0887266146477459,-0.17010516,0.0093513955938973,0.109826,0.0104083046,0.0107340277174647,0.0010524291875851,5.92898,10666.0,,3.59481,,2.76,,[]
336538437,928.96,17.87,10.35584832,0.3764641582700271,0.0503559999999996,0.3635471057290926,0.032155279999999,0.3828745709041017,0.1118749600000002,0.0548881549484039,0.690644,0.05512,0.0602914224222939,0.0633551668339873,12.2344,8021.0,395.186,3.59437,0.110264,1.94,0.339531,[]
45895631,840.863,25.375,9.57599224,0.0692643114450235,-0.0983079999999995,0.0807698924061589,-0.0275470399999997,0.0893710638405966,-0.0857132800000016,0.0093509485678496,0.126308,0.01045695,0.0661087994098972,0.0816441373531981,9.91955,10954.0,336.052,3.13786,0.127688,2.85,0.371789,[]
348508349,2713.28,369.11,9.30556736,0.1257762148302599,-0.0936370000000013,0.1350225980939575,-0.1101420599999983,0.1367034387213796,-0.0860604200000001,0.0115226499396609,0.246637,0.00909118,0.0470668476968149,0.0587318248636956,9.97642,10965.0,135.0,11.4556,,,,[]
312344965,807.959,29.137,9.26747136,0.1218855891074642,-0.0425620000000006,0.0919420011270692,-0.0131135599999995,0.1380137729721204,-0.0504309199999999,0.039375537705851,0.149562,0.0353855,0.2694998433272916,0.0092184621419214,9.67428,10097.0,526.108,3.79108,0.197526,2.59,0.393476,[]
422515556,1162.72,32.21,10.93399136,0.2863449628307443,0.527188,0.2891114016377278,0.0649914399999993,0.2991088309629122,0.2500640799999999,0.0167839772175073,0.565812,0.01626646,0.5615338635742929,0.0951431338947227,12.473,6965.0,156.397,4.44107,0.214432,1.53,0.259086,[]
156175661,985.422,41.581,10.74566848,0.0652403162777158,0.0807090000000013,0.1209066817477429,-0.0447705800000004,0.0887373336665577,0.0657879400000008,0.014235831122474,0.112291,0.012211,0.0660286210659812,0.0582392242378202,11.0511,8437.0,162.934,2.9469,0.149902,2.09,0.313014,[]
102289966,1044.48,31.475,10.573723856,0.0577475188813795,0.3610823000000003,0.1215450185789122,0.0275312740000001,0.0812736233308353,0.177954318,0.0094026723754453,0.0999177,0.010644475,0.1327335350889892,0.1082457900377647,10.8455,7490.0,141.604,4.10624,0.185307,1.72,0.291013,[]
452366964,594.461,17.054,7.07255208,0.2152443633873471,,,-0.0153511800000004,0.1841989499868281,-0.16964626,0.0500800701900019,0.133161,0.0752527,0.0513134200943405,0.0137417760292784,7.43475,,,,,,,[]
342520115,402.341,4.981,9.151271584,0.1554436286891367,0.2997322000000008,0.0900313429954813,0.0702982360000003,0.1544859774517092,0.238873252,0.0363800726072944,0.0962678,0.0543394,0.0159739765492637,0.0160911519499341,9.41312,7043.0,320.753,3.41883,0.139739,1.555,0.295263,[]
125689365,1072.9,70.79,10.92707776,0.0774486199542761,-0.0423169999999996,0.1905530510615678,0.0451395399999996,0.1021370965479732,-0.0352892199999996,0.0182045336130525,0.128317,0.01594215,0.2169017334349144,0.2495980762272823,11.2761,9824.0,273.466,2.4178,0.172186,2.51,0.33852,[]
64332311,686.415,686.415,7.492899999999999,2.765574174655961,-1.1899999999999995,1.120658734851962,-0.1749000000000001,0.7937887096224032,-0.6729999999999999,0.6600276626960419,1.0,1.0,0.1104580078138766,0.0575413969871165,10.2129,8808.0,,2.24968,,,,['GUESS_EBV']
432467553,2083.22,209.72,11.11172832,0.1882186866623247,-0.2412689999999993,0.2086060239692516,0.0332377799999995,0.2086683150510637,0.0760024600000004,0.0258323833821418,0.352269,0.0243949,0.5341345182532748,0.1272424856298956,12.0699,8335.0,123.0,5.36082,,,,[]
419651375,1950.96,131.845,10.87407392,0.2144383566623052,0.3193360000000014,0.2219759628799704,0.0927676799999983,0.2281155954006652,0.2843017600000015,0.015251988822991,0.421664,0.0143943,0.262990480779565,0.2406006511998843,12.021,6730.0,123.0,8.19325,,,,[]
148615408,1506.28,62.605,10.78312512,0.2369646105625927,-0.3852039999999997,0.4269898390632454,-0.0518575199999997,0.2473241449454541,-0.1705946400000004,0.0119188755313583,0.471204,0.009328465,0.31801243470566,0.1530880695708979,12.0648,,,,,,,[]
303945497,763.856,22.5105,10.255416656,0.0528561059130206,0.1011973000000001,0.0909958842820032,-0.1019050259999992,0.0766675199209058,0.0411702179999988,0.0089776585425486,0.0908027,0.009948285,0.0978199466828325,0.038382473018109,10.5024,7641.72,122.046,3.35582,0.15655,1.79,0.293383,[]
2046878952,2939.99,280.885,9.84744816,0.3409052125489952,,,,,-0.1031780200000002,0.067139092189874,0.592997,0.061853,0.2855339121304058,0.1949362911827024,11.4604,11697.0,154.0,,,,,"['DISPOSITION=DUPLICATE', 'DROP_GAIA_VMAG']"
237702040,1376.43,84.95,10.61211968,0.090168024820068,-0.0800810000000006,0.1449924519253071,-0.1501707799999996,0.1114905253429635,0.0056665399999994,0.0179363542543412,0.158081,0.01595025,0.1418687483260243,0.1844665866404463,11.0421,9179.0,239.155,3.89576,0.242374,2.33,0.323363,[]
277236190,1020.46,30.871,10.34727552,0.1472789840106458,0.1968659999999996,0.1948419881088519,-0.0854909199999991,0.1618487835542794,0.0865315599999993,0.0189976522715591,0.278134,0.0178261,0.2667563673386933,0.2199252761794255,11.1038,8237.0,181.296,3.80238,0.160764,2.02,0.303695,[]
282507583,2596.08,379.545,10.7208872,0.3160809686991601,-0.2807399999999995,0.2540699939295469,-0.1136812000000001,0.2955270901288069,-0.2176883999999994,0.0877620926888757,0.46574,0.0785756,0.4032466805023614,0.1208126125609478,11.9877,,,,,,,[]
291583988,188.902,188.902,4.53445,2.765574145028298,-0.9170000000000008,1.1895062000679106,-0.31445,0.7942923590523832,-0.7237499999999998,0.6600284551812899,1.0,1.0,0.0044886572178197,0.0050616675237256,7.25445,,,,,,,['GUESS_EBV']
86128744,602.528,12.449,11.358436192,0.3493020527345765,,,,,0.4349065760000005,0.1470147516985937,0.0786264,0.127603754,0.5279866807652461,0.135521580850692,11.5723,5747.0,639.956,,,,,"['DISPOSITION=DUPLICATE', 'DROP_GAIA_VMAG']"
271756244,693.962,693.962,9.2422,2.7655753348424628,-0.3990000000000009,1.132736509520197,-0.4321999999999991,0.7950615905003838,-0.2244000000000009,0.6600382509286867,1.0,1.0,0.6118245978667809,0.2909228272652682,11.9622,8093.0,,2.07398,,,,['GUESS_EBV']
319730209,859.152,49.363,10.76866912,0.0868746361405699,-0.2397539999999998,0.1542165345098897,0.1700934800000003,0.1094779220573719,-0.11023764,0.0186067044927828,0.149754,0.0161918,0.1042613739563362,0.1372595510115015,11.176,12020.0,175.0,,,,,[]
1167076020,139.907,1.8875,7.798768752,0.0405009247034508,,,,,0.1777580059999996,0.0092352575374411,0.0567909,0.0106162,0.848450217649085,0.0001603723649452,7.95324,7491.0,145.182,,,,,"['DISPOSITION=DUPLICATE', 'DROP_GAIA_VMAG']"
78379043,433.291,8.866,8.074487424,0.0654142253812956,-0.1503207999999989,0.049875097472411,-0.0162819040000005,0.0992999643713934,-0.1325117279999998,0.0149005722719337,0.0683208,0.02050835,0.1159442799167352,0.0820226816609922,8.26032,13003.0,138.0,,,,,[]
380028585,332.27,332.27,8.546999999999999,2.765656498049062,-0.5439999999999987,1.1303539268742335,-0.5339999999999999,0.7941031829686871,-0.2905000000000014,0.660718325159065,1.0,1.0,0.0398802211024077,0.0491654307967599,11.267,6666.0,,1.55726,,,,['GUESS_EBV']
270859445,717.532,13.8575,10.345371712,0.0337679736488084,0.2359896000000013,0.1124265193377434,0.2155960479999986,0.0621082823063075,0.2187931360000011,0.0102627700205946,0.0500104,0.0083344,0.0909372064795507,0.0675792030302661,10.4814,7191.12,140.533,3.38085,0.158382,1.61,0.264033,[]
249835273,277.067,3.6405,9.30236552,0.0584237539265075,0.2008659999999991,0.0711974805423311,0.0447190800000009,0.0795821089504418,0.1658615599999988,0.0088577175845892,0.105134,0.009369725,0.0589146460840449,0.0457563986856042,9.58833,7583.0,141.732,1.91374,0.0682236,1.761,0.284824,[]
270650681,359.937,5.41,9.721206624,0.0241521704121758,0.3519141999999998,0.0636592718133865,0.0822273960000011,0.0524181476342878,0.2684633720000002,0.0090757169594314,0.0330858,0.006468025,0.0172230412025812,0.017836280908705,9.8112,6751.95,104.58,2.55493,0.105965,1.44,0.234146,[]
275076002,2209.4,182.515,10.94940512,0.0661977517274701,0.024420999999999,0.1598939946378788,-0.0743000199999984,0.0867427566673437,0.0962578599999989,0.0116290567766734,0.121579,0.009629445,0.4247125417815783,0.2194337453640575,11.2801,8152.0,123.0,6.34041,,,,[]
255876795,365.568,3.9125,8.714098080000001,0.2785860151898403,0.1313890000000002,0.1944587298486558,0.0058078199999992,0.2450448823261771,0.0941967400000005,0.0536688860193226,0.342611,0.08076895,0.025251113846017,0.0177890482645894,9.646,8171.0,583.602,2.92584,0.0951559,1.997,0.36988,[]
189333345,2256.61,150.8,8.85234944,0.2950829570126811,-0.154047999999999,0.2574255262568963,-0.1190982400000001,0.2846866771329491,-0.0939916799999998,0.0693983785040687,0.476048,0.0641208,0.0640046831361196,0.0549018191853632,10.1472,11278.0,138.0,11.4018,,,,[]
235489262,934.913,934.913,8.630099999999999,2.76557441094974,-0.904,1.1381146690909487,-0.3370999999999987,0.7939539171135815,-0.6173000000000001,0.6600305011891496,1.0,1.0,0.1261343714231527,0.1450847675398413,11.3501,8181.0,,2.10029,,,,['GUESS_EBV']
54228807,1598.35,165.72,9.17258816,0.0411308044307475,-0.1102469999999991,0.0428353850017716,0.0092461399999993,0.0711621647805208,-0.106163019999999,0.0137409186895782,0.054247,0.011366,0.1725741039309861,0.2211466061343758,9.32014,11837.0,134.0,6.621,,,,[]
10602978,2580.31,208.29,9.9123176,0.2831154680808291,-0.3411700000000002,0.3135009074743206,0.0585553999999997,0.2913334321855286,-0.0759721999999999,0.0218218338281667,0.55617,0.01953335,0.3502209142619199,0.1108291548609942,11.4251,10641.0,126.0,8.50151,,,,[]
147960368,864.168,52.532,10.41022416,0.1227247135801135,-0.1663220000000007,0.1689159540620423,-0.0487223599999989,0.1401279120125608,-0.0819125200000011,0.0199820359571932,0.225322,0.0178913,0.1856834537229769,0.2342639909149938,11.0231,10821.0,474.67,2.22367,0.12814,2.81,0.410295,[]
13083990,3202.49,443.135,10.35731936,0.498431416343497,1.1804630000000005,0.4498085319608472,0.7574159400000005,0.4780638119887867,0.7029855800000006,0.0774931295602829,0.866537,0.09058765,0.0885447895363644,0.1092042033867447,12.7143,4440.0,122.0,45.4476,,,,[]
90547242,860.878,23.6705,9.11373792,0.1893227417752998,-0.1339639999999992,0.1992631497472877,-0.0809263199999996,0.1984060914085049,-0.10285624,0.011779443174882,0.372964,0.0120111,0.0604502647124194,0.0513076954047377,10.1282,11685.0,330.724,3.71526,0.147739,3.1,0.402638,[]
124412957,3960.03,572.765,10.66314784,0.2924271028211178,0.0446720000000001,0.2981947051288637,-0.04296464,0.3112580755209413,0.0223035199999992,0.0443445295137932,0.538328,0.0420217,0.1370884411565515,0.1544220845095141,12.1274,8950.0,124.0,11.3208,,,,[]
371584261,639.003,18.4405,8.052988319999999,0.1294778804801159,-0.0635189999999998,0.0939496808310704,0.0072027800000005,0.1438577534936855,-0.0263225399999999,0.0397258568629696,0.162519,0.0370599,0.0142307266466468,0.0145404883252013,8.49504,9671.0,126.0,5.51081,,,,[]
411043451,744.097,51.6255,10.40645024,0.3335812423914395,0.0,0.3044815265332201,0.3365224599999995,0.2895208594233756,0.0968232199999995,0.0999232485327696,0.436783,0.09270355,0.1246757083073801,0.1442151039345957,11.5945,8148.0,720.279,2.74341,0.167247,1.99,0.400412,[]
83526169,2139.32,126.305,8.716562399999999,0.2072506732178032,-0.2164549999999994,0.2097593041825618,-0.0113729000000002,0.2173659776442716,-0.1165602999999998,0.0190932971234286,0.404455,0.01667345,0.1187319006955539,0.1380433095705948,9.81668,12298.0,130.0,,,,,[]
149411271,4295.75,571.745,9.22299216,0.2709391384117577,-0.4609220000000008,0.2437259608537065,-0.08635036,0.2692072302613731,-0.3807085199999988,0.0628169101091897,0.455922,0.05383425,0.1994962469329253,0.1926862483199355,10.4631,,,,,,,[]
441512942,645.092,24.611,10.142833184,0.0206890558535441,0.0146372000000012,0.0570449530563826,0.0016421359999994,0.0439238603262509,0.0098205520000006,0.0074585680066269,0.0343628,0.00423393,0.0208936066966905,0.0285641480352332,10.2363,9119.0,132.521,2.28567,0.107133,2.31,0.331944,[]
42821678,1492.75,117.165,7.814994079999999,0.2546099013895614,-0.0386860000000003,0.2558654803092633,-0.0418206799999986,0.2635646332002835,0.048427239999999,0.0214667054283158,0.497686,0.0198067,0.0189432387982849,0.0146976782387216,9.1687,8627.0,126.0,16.6695,,,,[]
89522181,226.497,2.001,8.404701696,0.04228372961395,0.1466292999999995,0.0456903189298619,0.0204491339999991,0.0817095113534679,0.0841053380000009,0.0114746190330975,0.0273707,0.0147077,0.0246691240314706,0.0206302233328681,8.47915,8260.0,172.746,2.05596,0.0640251,2.03,0.317659,[]
154225294,159.175,0.945,9.9438793808,0.0062327814309794,,,,,0.3480802174000013,0.0062324908147261,0.00739361,0.001838985,0.9455049756678704,5.423663775850083e-06,9.96399,6311.0,128.04,1.16776,0.0537312,1.242,0.188758,['DROP_GAIA_VMAG']
26353922,360.872,6.232,10.02759264,0.0870938266582076,0.1477620000000007,0.1334272632888949,0.0958695599999988,0.101379014603615,0.0991629200000003,0.010200485485213,0.168238,0.00829629,0.3013590651494836,0.208845286416778,10.4852,8128.0,140.734,1.59045,0.0539949,1.98,0.305324,[]
348599735,1424.48,60.775,11.644931152,0.0443006742498901,0.0772541000000003,0.2646023892543818,-0.2194434420000006,0.0730747419886139,-0.0008122939999998,0.0113134079513772,0.0727459,0.00929693,0.3174360639417203,0.2616895126409729,11.8428,9272.0,159.947,2.47386,0.122359,2.35,0.312582,[]
133664118,787.694,23.179,8.910013359999999,0.1585314120100139,-0.2064620000000012,0.1634902288395212,-0.0878455599999991,0.1660359788148339,-0.200994920000001,0.0102670186185462,0.314462,0.007447655,0.2324059145921503,0.3031845526567767,9.76535,,,,,,,[]
461541766,346.482,5.104,7.555180832,0.1007568883345571,-0.1371394000000001,0.069377567605765,-0.0170129719999996,0.1247457420439271,-0.1390920040000006,0.036252949723662,0.0941394,0.03275195,0.0022266368509222,0.002625096606156,7.81124,13316.0,150.0,,,,,[]
79686189,1604.24,152.04,10.905832848,0.0528838368745865,0.0681958999999984,0.1112886070004837,-0.2427255579999996,0.0747330757643662,-0.1113707059999999,0.01119232594331,0.0948041,0.008613925,0.0678394895818251,0.053199568091175,11.1637,12071.0,132.0,,,,,[]
293618358,418.732,5.032,10.426406224,0.0307945244845403,0.3396566999999985,0.0997740002738622,0.115729546,0.0637902425588937,0.2758934220000009,0.0089507866354322,0.0283433,0.0100506451,0.0047624563126393,0.0035375463481672,10.5035,6786.0,137.077,2.12657,0.0961609,1.46,0.243674,[]
272822316,2496.63,186.715,11.325056,,1.4920500000000003,,0.4901990000000001,,0.6996929999999999,,0.46895,,0.4612821442251862,0.3596918802340541,12.6006,4638.8,67.743,20.0071,,,,[]
344175457,558.733,13.9985,9.696113248,0.0537701757123807,0.0899534000000009,0.07387166105957,-0.0383577079999997,0.0780694946755133,0.0508692439999986,0.0092534822673,0.0910466,0.0105191,0.0138712136404927,0.0151504159490111,9.94376,8599.0,151.533,2.63596,0.0985026,2.15,0.318298,[]
237957506,699.798,12.8465,11.008960944,0.04134638384335,0.4042576999999993,0.1548456134001221,-0.1273620739999994,0.0701088513051133,0.1986500819999998,0.009085835595586,0.0617423,0.01010624,0.0409321799158089,0.0361517425082554,11.1769,7334.0,139.911,2.34073,0.090789,1.66,0.266566,[]
201379626,1219.91,69.205,10.60720384,0.213074671638024,0.3069720000000007,0.3988167903293942,-0.0398906400000001,0.2242652913783138,0.10802152,0.0185658026686158,0.416028,0.0169708,0.0905479853725901,0.0647655528891898,11.7388,8053.0,171.734,4.17854,0.27395,1.95,0.293959,[]
363674500,1156.56,56.71,11.15343648,0.0818542304889553,,,,,0.5784919400000017,0.0167905716039453,0.132891,0.0175706,0.9653659963405644,0.0002601555183734,11.5149,4946.0,122.0,8.4455,,,,['DROP_GAIA_VMAG']
293228326,213.256,4.5615,6.021706816,0.0109900982663102,-0.0424872000000006,0.0326136033228482,0.0029678640000007,0.042600086141833,-0.0422905519999999,0.0070540426443272,0.0126372,0.00327451,0.0082544858485962,0.0012489283064194,6.05608,9705.0,133.885,4.66682,0.1525,2.476,0.336697,[]
390337472,813.924,105.46,10.82632288,0.1652120461032124,0.1582289999999991,0.2113895243626088,0.1558870200000007,0.1723158915081542,0.1501511399999988,0.0463987963016283,0.224771,0.04452,0.1867541399691265,0.1031551522290479,11.4377,7707.0,299.073,2.7077,0.344321,1.81,0.31644,[]
252300713,858.65,28.159,8.9754112,0.3532153847694199,-0.1442899999999999,0.3307173936848839,-0.2558101999999984,0.3448751735135482,-0.1726914000000004,0.0705464895688702,0.61529,0.06380085,0.2540646848015129,0.3471789367084426,10.649,,,,,,,[]
147380831,1309.56,98.39,11.02341472,0.1510123620049694,0.2242259999999984,0.2942634795727971,-0.3087141199999991,0.1666787230122669,-0.0216508399999997,0.0310294001641334,0.249774,0.0312127,0.2845088824376315,0.1318872088441632,11.7028,9594.0,419.509,2.90333,0.216925,2.44,0.360265,[]
422065233,1149.69,69.385,11.216581664,0.0206723304832387,-0.0101537999999994,0.1494105688735157,0.0674415559999999,0.0517128705218536,0.1066984920000004,0.0084202688506932,0.0251538,0.00602824,0.0492618034269625,0.0623860086281861,11.285,8064.0,131.812,2.96767,0.198774,1.96,0.291111,[]
194633998,959.889,44.6825,8.48049304,0.0832038367383662,-0.0841680000000014,0.0656155786041699,-0.0059138400000001,0.1084504730141828,-0.0870208799999999,0.0255461340317539,0.109168,0.0230866,0.0453710904076766,0.0374161625059101,8.77743,11002.0,129.0,5.90516,,,,[]
151407763,1210.65,57.55,9.35608704,0.1780719003868965,-0.073093,0.1861418749826929,-0.1206753399999995,0.1913437645868033,-0.0787413800000008,0.0301939644978707,0.323093,0.02754135,0.2405849361288877,0.3299795886059689,10.2349,10720.0,140.0,5.11286,,,,[]
180731751,527.349,527.349,7.495099999999999,2.7655741831489538,-0.7379999999999995,1.119600821721742,-0.5711000000000005,0.7937414960174376,-0.5423000000000008,0.6600295466871161,1.0,1.0,0.3582301740574271,0.2857737338107646,10.2151,8772.0,,,,,,"['DISPOSITION=SPLIT', 'GUESS_EBV']"
338282749,3743.38,245.72,9.9802432,0.5598974054762175,-0.0656899999999987,0.5750163780289762,0.0112177999999992,0.56964352015098,-0.0378953999999991,0.0217036899256929,1.11469,0.01963125,0.2375682069002374,0.1894010787567322,13.0122,9869.0,128.0,12.9814,,,,[]
282118355,675.615,31.0875,8.851882239999998,0.440019941169371,0.0836919999999997,0.2747756503528105,-0.0077370399999997,0.3186693979220471,0.1603567199999985,0.1410723406206505,0.439308,0.1401741,0.0059504264487361,0.0061006057944403,10.0468,7626.0,123.0,5.68567,,,,[]
281270267,284.044,5.1955,7.094934272,0.0266267364698675,-0.0767624000000004,0.0390800458692476,0.0291422880000005,0.0611939703111344,-0.0570991840000005,0.010366685933393,0.0323624,0.00777295,0.0047637432871342,0.0033840630299746,7.18296,10223.0,178.754,3.57515,0.104658,2.63,0.322669,[]
73319648,405.614,21.972,9.287200512,0.0434147316982015,-0.0179078999999987,0.0460686591985801,-0.0546150019999998,0.0766885378371663,-0.0025692140000006,0.0094698141637603,0.0669079,0.0101565048,0.0436677036473723,0.0548738930333345,9.46919,9298.0,180.48,2.07848,0.121899,2.36,0.326439,[]
362081271,401.067,4.1035,9.4661684,0.0207669501909275,0.470657500000001,0.0539110164588345,0.08036985,0.0501462142395864,0.3349639499999997,0.007345169947898,0.0243425,0.006185335,0.0023651330674295,0.0033435007225496,9.53238,6396.0,128.005,3.56795,0.165402,1.282,0.198548,[]
395413286,825.367,21.7305,9.34193944,0.1116313956673869,-0.0982980000000003,0.1184500955489694,0.0117367600000006,0.1259823924602164,-0.0284066799999998,0.0132959161284334,0.214298,0.0115116,0.1722854086585148,0.162397139037741,9.92483,9705.0,210.824,3.9149,0.139644,2.48,0.332375,[]
470847250,1264.56,117.3,8.77397744,0.1557419698849498,-0.0110229999999993,0.1417534482185883,0.0356512600000001,0.1701755684028997,0.05580482,0.0323259165198779,0.263023,0.0306719,0.0572950034180425,0.0621118696195737,9.4894,8544.0,123.0,9.20607,,,,[]
272924271,3131.23,260.06,8.98114016,0.406139438979367,-0.1553969999999987,0.398945150116667,-0.2392708600000012,0.4029305772291921,-0.1200020199999991,0.0628159949802693,0.749397,0.0576044,0.2736635386752239,0.3363161518873677,11.0195,12453.0,138.0,,,,,[]
307813020,820.088,44.714,9.6420912,0.0991840468844621,-0.0217900000000001,0.1456594886548184,-0.0403402000000003,0.1150860483551329,0.0198985999999989,0.013426277473514,0.18879,0.0111924354,0.0634557620625209,0.0499822151635556,10.1556,8983.0,182.674,3.73295,0.233668,2.27,0.329837,[]
344586348,377.564,5.9135,8.964837904,0.0306625317705921,0.3787381999999987,0.0340339324873338,0.0969505160000005,0.0639136541265636,0.2767172120000006,0.0091087492606498,0.0242618,0.01035132,0.001628365798308,0.0020679408691473,9.03083,6781.0,137.37,3.76433,0.162814,1.45,0.24654,[]
444555685,2661.37,213.105,9.37418016,0.4179959047908658,-0.0098970000000004,0.4741828891584554,-0.2373608599999997,0.4241286187481929,-0.0348320199999993,0.0271662146302976,0.824897,0.0249529,0.1765197936786312,0.21467728645595,11.6179,9815.0,124.0,12.2784,,,,[]
231937440,582.245,9.195,10.680508608,0.0379872593084863,0.4495914000000013,0.129584244366267,0.0718247319999993,0.0672680856535251,0.2896903239999996,0.0088019813676396,0.0544086,0.00974692,0.1402779799694893,0.1976388523238969,10.8285,6693.0,138.225,2.70281,0.122324,1.42,0.232675,[]
180661171,931.42,30.7235,9.48538392,0.0621249769110915,0.015586,0.0743436766354948,0.0144326800000005,0.084389057353427,0.0424767599999995,0.0097308356656108,0.109414,0.0108224954,0.037263162400698,0.0235147700938503,9.78299,8696.0,171.83,4.76521,0.201106,2.18,0.319714,[]
456042860,602.22,11.336,8.457733359999999,0.2913295823154619,-0.1369619999999997,0.2241644415694034,-0.0465155599999994,0.2661183220994,-0.0366049200000005,0.0803380093129034,0.408962,0.07629035,0.0359218987477676,0.0294099550797358,9.57011,9847.0,931.604,4.22137,0.218724,2.52,0.442944,[]
184413651,215.698,1.622,8.328848352,0.0313938235892627,0.1587016000000012,0.0328326160691712,0.0431266079999989,0.0636450884565337,0.121723056000001,0.0089339394142964,0.0312984,0.01000416,0.0457561731758978,0.0399252037560905,8.41398,7938.0,138.45,2.15828,0.0609196,1.91,0.290893,[]
376499580,462.136,462.136,9.1758,2.765574378591905,-0.2650000000000005,1.148008710768346,-0.6157999999999993,0.7939305029560207,-0.1092000000000011,0.6600294338315528,1.0,1.0,0.0902697358101099,0.0688458777520466,11.8958,6138.0,,1.29372,,,,['GUESS_EBV']
256308031,2922.45,290.925,9.00417728,0.3246519058716283,-0.170501,0.3404569928624677,0.0394696199999997,0.3319998914928286,-0.0167106599999999,0.0237086402853397,0.638501,0.02168138,0.2751556360978729,0.2605869774445514,10.7409,9515.0,123.0,16.5862,,,,[]
202145056,3096.71,606.4,11.0939896,0.2165838631142702,-0.2141949999999996,0.305652716885373,0.0405058999999993,0.2006467421371451,0.0228312999999998,0.0696175955971225,0.239195,0.0663854,0.1406800311952638,0.1190004509303725,11.7446,8944.0,125.0,7.26594,,,,[]
118798174,410.346,8.745,9.705861872,0.0432688267284525,0.1510926000000005,0.0746539064165995,0.0868251879999996,0.0709095580630002,0.1538311160000008,0.0090764572081839,0.0659074,0.01030822,0.0681911521868513,0.0888243395194807,9.88513,7678.0,139.833,2.30215,0.0832463,1.8,0.285639,[]
296633772,838.374,30.1755,10.087706768,0.0372016633672748,-0.0333431000000012,0.0685371555071043,-0.094570378,0.0676081322800926,0.0045935540000002,0.0092528609035502,0.0483431,0.01039605,0.3104069458466205,0.410544550142335,10.2192,9194.0,165.851,3.01537,0.136101,2.33,0.337566,[]
72834545,449.452,10.3,7.09916672,0.3004474363213916,-0.3744239999999997,0.3008785709648588,-0.1642811200000003,0.3069689016496622,-0.2841798399999999,0.0128417239543727,0.598424,0.010004675,0.0018928955710536,0.0010207734088898,8.72688,,,,,,,[]
154757644,917.202,66.77,8.01182136,0.0221631084376208,-0.1680620000000001,0.0295568489981971,0.0127864399999997,0.049019591817966,-0.1826309199999995,0.0086559769499167,0.032062,0.005622665,0.0128954311796494,0.0097338662585811,8.09903,,,,,,,[]
389829007,2790.68,839.68,12.5072288,0.2363768417539487,0.4319149999999991,0.218978056267426,-0.007692299999999,0.2503155183168834,0.2724238999999989,0.0586705920778936,0.342085,0.0599821,0.3544091764486328,0.2865082977236479,13.4377,6810.0,122.0,5.39787,,,,[]
412581945,5011.17,2324.08,9.32784832,0.4078597055593058,,,,,-0.35901254,0.1420876288000644,0.470019,0.1225105,0.1421456156691151,0.1298013343725596,10.6063,,,,,,,"['DISPOSITION=DUPLICATE', 'DROP_GAIA_VMAG']"
82091902,719.081,19.6895,9.44217856,0.1584566109297568,-0.1209269999999992,0.1610986400000089,0.0184477400000004,0.1727425620171531,-0.0069118200000003,0.0230585134482613,0.295927,0.02084645,0.0596970176488122,0.0562248118659766,10.2471,9363.0,283.635,3.40224,0.13261,2.38,0.311352,[]
21325268,1156.08,60.675,10.35670064,0.1083003923332399,0.0384119999999997,0.1892925480281844,-0.1460234399999998,0.1243917048560714,0.092511920000001,0.0145868139148989,0.205588,0.01253245,0.1161314204944298,0.1284478384966537,10.9159,8185.0,152.75,4.33175,0.257638,2.0,0.315383,[]
52871721,936.024,39.9435,11.047331264,0.0426630650275454,0.151276200000001,0.132781236315777,-0.1525750440000001,0.0604866178225398,0.0205222920000003,0.008236911297921,0.0807238,0.005076785,0.1066574295658114,0.1269922933484066,11.2669,8974.0,138.398,2.23409,0.109151,2.26,0.304311,[]
383875864,1331.13,236.67,10.40960608,0.1214087099654468,0.0934140000000012,0.1645827089915888,-0.1289226800000006,0.1402601786431202,0.0882132400000004,0.0232814638307894,0.205586,0.0237501,0.1764909657415813,0.1398096751329356,10.9688,8222.0,211.263,4.83278,0.871455,2.02,0.304534,[]
183809408,1102.9,1102.9,9.5767,2.765574098381022,-0.6059999999999999,1.1191961400934154,-0.2756999999999997,0.7950572895307608,-0.3314000000000002,0.6600273430972387,1.0,1.0,0.3776214923164891,0.2744712029329746,12.2967,9484.0,,2.35892,,,,['GUESS_EBV']
213223576,3282.81,934.19,9.34949168,0.4615594028205271,2.4947690000000007,0.4304186775533096,1.48239222,0.4227745356762277,0.9972075399999988,0.0783660701631199,0.744231,0.1003907,0.5684164594297135,0.3476513353395603,11.3738,3693.0,122.0,134.042,,,,[]
363679519,831.239,28.053,9.572057888,0.0599116954017708,-0.0361846000000007,0.061229050012984,-0.0221301479999986,0.0857784585737584,-0.042361836,0.0153952937719878,0.0951846,0.01337795,0.0246783477988959,0.0182136386946692,9.83096,9949.0,229.333,3.44674,0.146894,2.55,0.34617,[]
37710507,628.421,13.795,11.288534336,0.0493662623509659,0.4192038,0.0551972284283595,0.1439974439999996,0.0825831278628389,0.3642745080000001,0.0092958722850642,0.0807962,0.01042725,0.1972677455093741,0.1717981049562759,11.5083,6206.0,129.567,2.56905,0.129261,1.19,0.168385,[]
239714064,1474.62,118.645,8.73215576,0.1083949929641004,-0.1382919999999991,0.1128865219678168,-0.0217609599999999,0.1232464612270875,-0.1258227200000004,0.0141478265794226,0.207292,0.01165648,0.013466853203843,0.0139092862801065,9.29599,12707.0,221.0,,,,,[]
330735134,1483.46,387.65,11.20607568,0.0988672502624394,-0.2510309999999998,0.2361398948519129,-0.0078717799999998,0.1206790519570401,-0.0492404599999994,0.0170875545911063,0.177031,0.01618815,0.4717377643891878,0.2959513791240916,11.6876,10075.0,286.434,2.85774,0.716694,2.58,0.362027,[]
746425948,375.529,13.3605,9.604061519999998,0.0588577564325738,,,,,0.1620095599999998,0.0268002468458768,0.116334,0.00329232,0.7849689978952332,0.0042747436950153,9.92049,,,,,,,['DROP_GAIA_VMAG']
30477554,359.165,359.165,7.6333,2.7655858089952665,-0.5409999999999986,1.120425811912596,-0.4883000000000016,0.7937820021366068,-0.3857999999999996,0.660126409800426,1.0,1.0,0.0393510768576211,0.0236751655875134,10.3533,7580.0,,1.90045,,,,['GUESS_EBV']
262039186,157.735,157.735,6.549299999999999,2.765578659344912,-0.559000000000001,1.1192627037474268,-0.3392999999999989,0.7943080768971194,-0.3755000000000005,0.6600676639739294,1.0,1.0,0.0062545386359147,0.000919530094804,9.2693,,,,,,,['GUESS_EBV']
282876586,3115.86,282.435,11.0223264,0.1759634803177023,-0.1701300000000006,0.1893944588048974,-0.0448294000000004,0.1997395845219469,-0.1090457999999988,0.0182277340477526,0.34113,0.015901,0.3248591065599036,0.2852997621614729,11.9502,11967.0,161.0,5.44245,,,,[]
293810156,3367.76,486.685,11.27594192,,-0.0513890000000011,,-0.0911478199999989,,-0.1390567400000008,,0.130389,,0.0789637430418188,0.1048530405694637,11.6306,6937.96,59.5626,11.075,,,,[]
398915722,1163.1,27.905,11.26630752,0.1460342973293542,0.209341000000001,0.4782126971522296,0.0151495799999994,0.1714989026036318,0.0254650600000004,0.010040954695148,0.285659,0.0111856,0.3261978800704799,0.2751929488519808,12.0433,8908.0,170.938,2.53424,0.0878744,2.24,0.321398,[]
343572445,573.691,12.2885,10.38978912,0.1279185246657442,0.1238710000000007,0.165934544624861,-0.0759890200000001,0.1459556636936367,0.0251348599999996,0.0193439485238695,0.208129,0.0273469,0.1443484531257496,0.0235615968543193,10.9559,8914.0,318.062,1.86994,0.0616131,2.246,0.317955,[]
283839379,1387.53,73.99,9.29296704,0.1934397416859528,-0.0395929999999992,0.2021807771145912,0.0200946600000006,0.2051286839553406,0.07104862,0.0212912176044911,0.371593,0.0197921,0.1227986173156008,0.0752794064547311,10.3037,8384.0,123.0,8.1771,,,,[]
372863796,1399.91,58.745,11.08101232,0.1955506470398647,0.7901810000000002,0.2138415194048202,-0.0263512200000005,0.2097404223659569,0.0722794600000008,0.0100103457518924,0.388819,0.00775511,0.2022730915042619,0.135719902100135,12.1386,8371.0,139.872,3.63074,0.183942,2.07,0.309316,[]
367944808,528.551,8.832,9.48933584,0.1761325833459539,0.1143219999999991,0.1771345146847728,-0.0360376399999993,0.1894042116796772,0.0973925199999999,0.0196926376108767,0.316678,0.0283619,0.0598387829866808,0.0802502577694029,10.3507,8143.0,234.729,2.97648,0.099387,1.986,0.309274,[]
165866375,1086.07,32.67,10.742844144000001,0.048055828578405534,0.20606770000000102,0.11786028949752128,0.01166572599999885,0.06939735713139586,0.15762468199999985,0.009602902758810802,0.0869323,0.007532705,0.18913108662828482,0.1386684229195574,10.9793,7647.0,127.511,3.80679,0.160402,1.79,0.289158,[]
120684604,728.706,21.9835,10.46687184,0.07330341140832124,0.020872,0.1094082727062378,0.0403313600000003,0.09991334265252064,0.058875519999999265,0.021501012014996525,0.104128,0.01896075,0.046691759751158614,0.04150171679053746,10.7501,8397.69,144.494,2.49523,0.135716,2.08,0.320163,[]
63645552,1191.05,44.725,9.141719039999998,0.5483318001179313,0.027257000000000087,0.2922478156502085,-0.007322339999999344,0.34667128046789514,0.047729619999998474,0.1913624844434607,0.443743,0.184352443,0.06718851433841984,0.06452719495668655,10.3487,8635.0,122.0,7.20965,,,,[]
65201080,449.941,8.751,9.73512688,0.12295012433575,0.3035539999999991,0.14793653004860732,0.2916905200000006,0.14133920060973884,0.31632563999999963,0.020115557044961024,0.188446,0.02903865,0.05765248034208914,0.06927653504667165,10.2477,6517.0,194.492,3.40477,0.165817,1.339,0.218144,[]
59090149,738.189,28.871,8.252960320000001,0.11135271980021581,-0.07791899999999999,0.11520329156714935,-0.0006092200000016867,0.1218410716476591,-0.02616653999999935,0.010045945325293695,0.218919,0.007511075,0.004160876094733035,0.005117770975215908,8.84842,9667.0,139.0,5.80824,,,,[]
274686141,2289.23,165.78,11.3760913136,0.0016489597617753858,0.009055629999998678,0.202993134559505,0.1907811394000004,0.021984227611499683,0.19705671579999984,0.006019632820535401,0.00294437,0.0002129545,0.3134635385664966,0.23910941122758864,11.3841,7345.0,122.0,6.44674,,,,[]
365831185,258.906,2.629,7.179258816,0.05705863266267109,-0.13611969999999973,0.04449648850892619,0.02797711400000006,0.09144295096683232,-0.10044080200000047,0.014253746339817087,0.0448497,0.01928895,0.007237643839788717,0.009621489302795019,7.30125,11571.0,157.0,2.7517,,3.057,,[]
405319631,878.465,20.3015,10.730952799999999,0.16903942021778554,-0.03563500000000064,0.1767802342887041,-0.04502129999999871,0.18797105218157928,0.009420899999999038,0.011157546049071921,0.331635,0.0120750954,0.24065482568215793,0.1630273336366258,11.633,9126.0,179.026,2.37151,0.0805025,2.31,0.311676,[]
428117606,500.414,13.411,8.85428608,0.08783903562322674,-0.031835999999999365,0.07632878653358771,-0.06047768000000051,0.11190048295248775,-0.03611176000000081,0.01604458506702383,0.126836,0.0223437,0.020023518276312102,0.02014681742410336,9.19928,9839.0,346.948,2.92431,0.106281,2.514,0.346925,[]
286221659,1189.25,44.645,11.1705888,0.21002696046024905,0.2099149999999988,0.22925277156581989,0.04774769999999984,0.22925198246089387,0.19090389999999996,0.014338077272605835,0.414085,0.0129706,0.17482236447557375,0.19791320287229172,12.2969,7391.0,145.671,3.63916,0.185912,1.69,0.282788,[]
313176361,1076.6,31.7,10.710090079999999,0.09290448422337634,-0.09088599999999913,0.225060299712677,0.4536633200000002,0.11080923855437325,0.2605152399999998,0.009724636624586855,0.175886,0.0110076,0.20309501537252064,0.13442659774726795,11.1885,6892.0,137.016,4.6537,0.241395,1.5,0.244243,[]
49924598,794.278,30.704,8.79435816,0.07070037639033604,-0.06774699999999896,0.06555430474240422,-0.024673860000000075,0.09600140377228866,-0.062203020000000164,0.018412947605018486,0.110747,0.0161599,0.014768091713915799,0.013336589896144323,9.09559,10324.0,330.517,4.52124,0.214512,2.66,0.362509,[]
343173397,291.349,2.4615,8.78067368,0.08901240665834183,0.12099400000000024,0.0867818777178738,0.04120771999999973,0.11088677833718501,0.12727603999999904,0.0129673068701309,0.151006,0.0173318,0.043747065241005134,0.009085745236396173,9.19141,7892.0,174.444,2.38978,0.0700954,1.887,0.29985,[]
2021686530,606.195,11.32,11.46143216,0.11648422406163512,,,,,0.3562864799999997,0.02541570140203579,0.115172,0.0372257,0.6604485418465923,0.015706933506199488,11.7747,6257.0,214.695,2.25033,0.111658,1.216,0.187419,['DROP_GAIA_VMAG']
303577635,9246.75,2792.26,7.580935200000001,0.7640926568337875,-0.7343400000000007,0.7789166274593096,-0.41968919999999965,0.767370502649144,-0.7316443999999993,0.013234400717598906,1.52734,0.00934043,0.41134807900808285,0.3268015435158981,11.7353,,,,,,,[]
53824793,928.98,40.7145,10.471888768,0.03558563125640504,-0.066555600000001,0.0715014326136968,-0.04211112799999902,0.062671234883637,-0.08296669600000045,0.010759502760731022,0.0555556,0.008176105,0.09825920890068911,0.08231128830482255,10.623,10858.0,295.191,2.31516,0.112935,2.82,0.372449,[]
302997458,1297.42,35.9,11.71093664,0.049274099997067985,0.17758699999999977,0.3138034970606651,-0.0974169400000005,0.07777181146308731,0.23230741999999974,0.008889180556168452,0.082413,0.00993273,0.10617181137721343,0.09556939472297786,11.9351,7090.0,139.306,3.34852,0.153668,1.57,0.273474,[]
313447980,1466.16,63.86,11.21743584,0.19339846280409909,0.007071999999999801,0.48580713054029,-0.08201263999999966,0.20643661561118462,0.09626752000000077,0.017282473971092744,0.377928,0.01513852,0.4793308545942862,0.2337605515259731,12.2454,8153.0,173.952,3.71802,0.205628,1.99,0.290635,[]
327725463,304.352,2.1705,9.390734672,0.031343564088368504,0.39670759999999994,0.04404626760535449,0.10605888800000007,0.06488339709386369,0.30111701599999996,0.009271687229496096,0.0232924,0.01069765,0.006231649354172197,0.0060718195179778976,9.45409,6617.0,134.779,2.61794,0.11112,1.39,0.229018,[]
356169556,1016.59,34.4445,10.644735679999998,0.056037461404775724,1.0587190000000004,0.2495873564485193,0.43739322000000025,0.07146270610780144,0.7841145399999996,0.006803935133007516,0.110281,0.003657015,0.020473653393140296,0.026260126696350493,10.9447,4140.0,122.0,15.6766,,,,[]
127079833,2021.99,219.795,11.058088,0.07965451373935475,-0.017099999999999366,0.06880743425015934,0.028401999999999726,0.11047343742275788,-0.028385999999999703,0.022656520326917014,0.1121,0.0208053,0.2573266021820628,0.20418531234775977,11.363,9706.0,324.954,4.35044,0.454656,2.48,0.345246,[]
145863913,1150.38,34.025,11.72598928,0.08529523850522171,0.27422400000000047,0.12577805706815476,0.0686051199999997,0.13751268386952528,0.2514878399999997,0.009703162945550486,0.160776,0.0104828,0.36033749656086256,0.2369539041946315,12.1633,6955.0,138.568,3.05986,0.155865,1.52,0.261268,[]
4669402,,,17.712500000000002,2.7655941927927534,,,,,0.36380000000000134,0.6647711479968125,1.0,1.0,0.9977753637066941,0.0024199921514042023,20.4325,,,,,,,"['DROP_GAIA_VMAG', 'GUESS_EBV']"
369999283,741.391,22.566,10.58990304,0.1672796455064749,0.12333200000000161,0.22628603064166378,0.08612615999999931,0.18149417038847282,0.10111912000000031,0.025706545000313365,0.309668,0.0232766,0.1509746099040651,0.0667473700515242,11.4322,8112.0,198.999,2.52967,0.10588,1.97,0.292029,[]
356245399,629.206,629.206,7.6312999999999995,2.7655740997348093,-0.8649999999999984,1.1206301798541747,-0.34530000000000094,0.7937481345641072,-0.5297,0.6600273487697309,1.0,1.0,0.07861943030234601,0.07791895694500892,10.3513,9329.0,,2.33683,,,,['GUESS_EBV']
158824564,502.935,28.711,9.95945008,0.23888466645787274,1.0282389999999997,0.47612935487362307,0.11429081999999971,0.2590467866935431,0.413357740000001,0.0238340081406498,0.459761,0.02387715,0.0129330793865724,0.01490666179959611,11.21,5887.0,169.805,4.23727,0.303919,1.07,0.138744,[]
5920295,3181.63,465.65,9.798901279999999,0.1427270431561661,0.5491990000000004,0.15922414162962223,0.2770156200000008,0.15553171581786784,0.5078113399999988,0.03499671396021152,0.196801,0.0380088,0.17058961941793108,0.21113428544457982,10.3342,5313.0,122.0,36.3448,,,,[]
370209445,359.549,4.4105,8.72311384,0.21496794255972587,0.16572200000000037,0.09996497922553928,-0.004875640000000153,0.1789984957953558,0.11811652000000107,0.05080455302967467,0.109278,0.07643675,0.02273258553619706,0.014854043882582215,9.02035,7968.0,568.05,2.98187,0.108291,1.918,0.375573,[]
371966579,248.834,1.7975,9.551058752,0.04412990082977862,0.46064660000000013,0.053563548102510905,0.05364570800000125,0.07659222184327859,0.3239567560000002,0.01115010523712059,0.0423534,0.0142338,0.020445135975356948,0.014367310618712758,9.66626,6468.0,142.958,2.08071,0.0919598,1.316,0.218762,[]
53194798,1257.23,95.99,9.64703584,0.3036876326078521,-0.11905299999999952,0.366927915739553,-0.08880013999999944,0.3148392299543531,-0.305594980000001,0.03398639156651264,0.586053,0.02931835,0.18894666625797185,0.23082757282949198,11.2411,,,,,,,[]
